accession	column	title	biological_replicate	treatment	cell_type	breed	source_name	tissue	relations	metadata_conflict
GSM7887650	B_B7H3_CAR_T	B_B7H3_CAR_T_1	B	B7H3_CAR	T cell	mixed breed	B_B7H3_CAR_T	B_B7H3_CAR_T	BioSample: https://www.ncbi.nlm.nih.gov/biosample/SAMN38165682;SRA: https://www.ncbi.nlm.nih.gov/sra?term=SRX22428478	specific_fields_agree
GSM7887651	B_BC_CAR_T	B_BC_CAR_T_1	B	BC_CAR	T cell	mixed breed	B_BC_CAR_T	B_BC_CAR_T	BioSample: https://www.ncbi.nlm.nih.gov/biosample/SAMN38165681;SRA: https://www.ncbi.nlm.nih.gov/sra?term=SRX22428479	specific_fields_agree
GSM7887652	B_T_cell	B_T_cell_1	B	Untransduced	T cell	mixed breed	E_B7H3_CAR_T	E_B7H3_CAR_T	BioSample: https://www.ncbi.nlm.nih.gov/biosample/SAMN38165680;SRA: https://www.ncbi.nlm.nih.gov/sra?term=SRX22428480	specific_source_or_tissue_conflicts
GSM7887653	E_B7H3_CAR_T	E_B7H3_CAR_T_1	E	B7H3_CAR	T cell	mixed breed	E_BC_CAR_T	E_BC_CAR_T	BioSample: https://www.ncbi.nlm.nih.gov/biosample/SAMN38165679;SRA: https://www.ncbi.nlm.nih.gov/sra?term=SRX22428481	specific_source_or_tissue_conflicts
GSM7887654	E_BC_CAR_T	E_BC_CAR_T_1	E	BC_CAR	T cell	mixed breed	M_B7H3_CAR_T	M_B7H3_CAR_T	BioSample: https://www.ncbi.nlm.nih.gov/biosample/SAMN38165678;SRA: https://www.ncbi.nlm.nih.gov/sra?term=SRX22428482	specific_source_or_tissue_conflicts
GSM7887655	E_T_cell	E_T_cell_1	E	Untransduced	T cell	mixed breed	M_BC_CAR_T	M_BC_CAR_T	BioSample: https://www.ncbi.nlm.nih.gov/biosample/SAMN38165677;SRA: https://www.ncbi.nlm.nih.gov/sra?term=SRX22428483	specific_source_or_tissue_conflicts
GSM7887656	M_B7H3_CAR_T	M_B7H3_CAR_T_1	M	B7H3_CAR	T cell	mixed breed	T cell		BioSample: https://www.ncbi.nlm.nih.gov/biosample/SAMN38165676;SRA: https://www.ncbi.nlm.nih.gov/sra?term=SRX22428484	source_generic_tissue_missing
GSM7887657	M_BC_CAR_T	M_BC_CAR_T_1	M	BC_CAR	T cell	mixed breed	T cell		BioSample: https://www.ncbi.nlm.nih.gov/biosample/SAMN38165675;SRA: https://www.ncbi.nlm.nih.gov/sra?term=SRX22428485	source_generic_tissue_missing
GSM7887658	M_T_cell	M_T_cell_1	M	Untransduced	T cell	mixed breed	T cell		BioSample: https://www.ncbi.nlm.nih.gov/biosample/SAMN38165674;SRA: https://www.ncbi.nlm.nih.gov/sra?term=SRX22428486	source_generic_tissue_missing
