NC_006589.4	30435735	30436179	TGGACGGAGTCATTTC-1	1
NC_006589.4	30435753	30436156	TTGTTCCCAGCCAGAA-1	2
NC_006589.4	30435933	30436185	TTTAGGATCAGAAACG-1	1
NC_006589.4	30435971	30436116	CGGAGCAAGGCATTGT-1	1
NC_006589.4	30435971	30436560	GAGGCAAGTTGACTTC-1	1
NC_006589.4	30435995	30436596	TAGTTGTCATCTTGAG-1	3
NC_006589.4	30435999	30436219	TGCTTCCAGTCAATCA-1	2
NC_006589.4	30436001	30436231	GATTGGTTCCTCGATC-1	1
NC_006589.4	30436011	30436146	TGCTTGCTCCCGCCTA-1	1
NC_006589.4	30436073	30436177	CATAGACTCAAGCTAC-1	1
NC_006589.4	30436116	30436301	AGTTGGCGTCCAAGAC-1	1
NC_006589.4	30436131	30436158	CAATCGCCAAGGTGCA-1	1
NC_006589.4	30436156	30436219	CGCATATAGCTCAATA-1	1
NC_006589.4	30436215	30436377	TGGATTCAGTAGCTTA-1	1
NC_006589.4	30436219	30436265	GTCATCACAGTAAGTA-1	1
NC_006589.4	30436224	30436290	AGGATATAGTTAGCTA-1	6
NC_006589.4	30436229	30436263	TGGGCCTAGCATTTCT-1	1
NC_006589.4	30436229	30436357	CTAGCGGGTCAGGCAT-1	1
NC_006589.4	30436245	30436288	CCAACATAGGTGCTGC-1	1
NC_006589.4	30436263	30436614	GTCTATCGTATTCGTC-1	1
NC_006589.4	30436277	30436525	AGTTGTCAGTGCACGC-1	1
NC_006589.4	30436294	30436504	GAGGTTAAGTTATGTG-1	1
NC_006589.4	30436296	30436447	CATTGCGAGGAAACTG-1	1
NC_006589.4	30436313	30436364	ACTCACTGTCATGAGC-1	1
NC_006589.4	30436340	30436398	GCCCATAAGTCACTAA-1	1
NC_006589.4	30436347	30436561	TCTAACCGTCCCGGAA-1	2
NC_006589.4	30436383	30436500	TAAGCCTAGCGCCTAA-1	3
NC_006589.4	30436383	30436570	GTGGTTAGTGTAACCA-1	1
NC_006589.4	30436413	30436502	TTGGGCCAGCGGATAA-1	1
NC_006589.4	30436440	30436606	GGGTCAACAGGAAGCC-1	2
NC_006589.4	30436449	30436508	TATCGCGAGAATGACG-1	1
NC_006589.4	30436470	30436614	TCAAGTATCTGTGCAG-1	3
NC_006589.4	30436477	30436528	TCTCGCCCAACCTGGT-1	1
NC_006589.4	30436498	30436528	TCAGCCTTCCTTCTAG-1	1
NC_006589.4	30436504	30436541	CCCAAATAGTATTGCA-1	1
NC_006589.4	30436508	30436580	AATTTGGTCGGTAACT-1	1
NC_006589.4	30436508	30436583	CCTTAGTGTGACATGC-1	1
NC_006589.4	30436510	30436577	TCATAACCAGCAAGAT-1	5
NC_006589.4	30436510	30436604	ACTTACAAGTAGGATG-1	1
NC_006589.4	30436510	30436623	GCACCTAAGATTCCTT-1	1
NC_006589.4	30436517	30436551	GATTGGCGTCCCGGAA-1	2
NC_006589.4	30436519	30436551	ACCATTAAGCAGGTGG-1	5
NC_006589.4	30436521	30436676	TTCAGCACATAAAGCA-1	3
NC_006589.4	30436523	30436573	ATGGTCTAGCGGATAA-1	2
NC_006589.4	30436525	30436614	GGCAATCGTAACCTAG-1	1
NC_006589.4	30436538	30436606	TCTCAAGCACGTAATT-1	1
NC_006589.4	30436538	30436617	TTCTTAGGTCTCAGCC-1	1
NC_006589.4	30436551	30436580	TGCTAACAGGCTATGT-1	1
NC_006589.4	30436551	30436643	ACCATTAAGCAGGTGG-1	2
NC_006589.4	30436553	30436596	CGGACAACAGCCTAAC-1	1
NC_006589.4	30436555	30436606	GCAACAGCACATAGCC-1	1
NC_006589.4	30436555	30436614	CAAGGTTTCCTAGTTT-1	2
NC_006589.4	30436556	30436606	AGGTCCGGTCACCAAA-1	1
NC_006589.4	30436560	30436711	GACACCGGTGATGATT-1	3
NC_006589.4	30436560	30436753	GGGTCAACAGGAAGCC-1	1
NC_006589.4	30436575	30436614	AGTATAGCAAACCTAT-1	3
NC_006589.4	30436578	30437285	AATAGCTGTCGACTAA-1	1
NC_006589.4	30436580	30437079	GTTGCGGGTACTGATG-1	1
NC_006589.4	30436588	30436623	TGCTATGCAAGTTATC-1	1
NC_006589.4	30436596	30436638	GGTAACTTCTCTAGCC-1	1
NC_006589.4	30436601	30436847	TGCTTCATCTCCTCTT-1	1
NC_006589.4	30436606	30436677	TTAGCTGCACGGTTTA-1	1
NC_006589.4	30436606	30436681	CCGCAAGGTGTTTGCT-1	1
NC_006589.4	30436606	30436841	AAGTGAAGTTACAAAC-1	1
NC_006589.4	30436612	30436784	CTGGTCAAGTTATCCT-1	1
NC_006589.4	30436614	30436680	GGTCGGTTCACTTCAT-1	1
NC_006589.4	30436614	30437181	CGCCACACACATACTG-1	1
NC_006589.4	30436622	30436944	TGCTATGCAAGTTATC-1	1
NC_006589.4	30436622	30436982	ATGCATTCAGTAGGAT-1	1
NC_006589.4	30436623	30436961	ATCACTAAGACAAGTG-1	2
NC_006589.4	30436633	30436671	ATAGATGCATGGTTAT-1	1
NC_006589.4	30436643	30436691	TAGCCTGAGTCACTAA-1	1
NC_006589.4	30436643	30436692	CCATAAATCTGCAAGT-1	1
NC_006589.4	30436643	30436833	GTTAAGTGTGGAGCAA-1	2
NC_006589.4	30436643	30436834	TGATTAGTCGCAATCG-1	2
NC_006589.4	30436643	30437443	GTTTACCGTTCGCTTG-1	1
NC_006589.4	30436659	30436908	TCATGCCTCTAATCCT-1	2
NC_006589.4	30436674	30437209	CAAGACAAGTTCCTCA-1	1
NC_006589.4	30436676	30436716	TGCGATTAGGTTTGCG-1	1
NC_006589.4	30436676	30436908	AATTGACGTTCTTTAG-1	1
NC_006589.4	30436681	30436787	GAGTTACTCATAAGCC-1	2
NC_006589.4	30436682	30436753	AGGTAACCATGTCGCG-1	1
NC_006589.4	30436682	30436874	GTTACCTGTCAAGTGC-1	1
NC_006589.4	30436683	30436956	CGCAAATTCCTTAAGA-1	2
NC_006589.4	30436687	30436724	GCGCTAGGTGGTTCTT-1	1
NC_006589.4	30436697	30437112	AATACCGGTTGGTGAC-1	2
NC_006589.4	30436710	30436799	AGAATCTGTGTCCTGC-1	1
NC_006589.4	30436710	30436997	GTATTGTCAAGCTAAA-1	1
NC_006589.4	30436716	30436770	GTAGGATCACCCACCT-1	1
NC_006589.4	30436758	30436789	CATTATGAGCTGTACG-1	3
NC_006589.4	30436770	30436929	GTAGGATCACCCACCT-1	1
NC_006589.4	30436774	30436810	CGCAAATTCAAAGGCA-1	1
NC_006589.4	30436789	30436920	TAAGTAGCACACTAAT-1	2
NC_006589.4	30436794	30437389	AGGACGTAGCACGATT-1	1
NC_006589.4	30436804	30437389	CAAGACAAGTTTGCGG-1	1
NC_006589.4	30436810	30436844	TGACTCCTCCTAAGGT-1	2
NC_006589.4	30436845	30437220	GAGGACTAGTTAACCA-1	2
NC_006589.4	30436878	30437290	TCGCTAACACCCACAG-1	1
NC_006589.4	30436879	30437433	GCAATGTTCCTGAGTG-1	2
NC_006589.4	30436893	30437314	AATATCCCAGAAATTG-1	1
NC_006589.4	30436920	30437101	GTTGCGGGTAAGCTCA-1	1
NC_006589.4	30436935	30437079	CGAAGGCCAGAACCGA-1	1
NC_006589.4	30436937	30437127	GCGCAATGTACCAGGT-1	2
NC_006589.4	30436949	30436989	CTAAGGTTCATTACTC-1	1
NC_006589.4	30436970	30437017	CAACTAATCAAGCTAC-1	1
NC_006589.4	30436974	30437325	GCTAACAGTATTGCAG-1	2
NC_006589.4	30436980	30437169	CGCTAACCACTAGCGT-1	1
NC_006589.4	30437023	30437143	CAATAAGCAGGCGATA-1	1
