NC_006587.4	15442394	15443086	TCTAATCTCTAAGGAG-1	1
NC_006587.4	15442538	15443131	CTCCTCACACGAATCC-1	1
NC_006587.4	15442726	15443229	TTAAAGGCAAACCCTA-1	1
NC_006587.4	15442888	15443201	CTAGGACGTTCACCAT-1	1
NC_006587.4	15442895	15443604	TCTAGCCTCATTACTC-1	1
NC_006587.4	15442913	15443078	ATCACTAAGTGAGGGT-1	1
NC_006587.4	15442963	15443136	CTATTACTCCCTGGTT-1	1
NC_006587.4	15442965	15443523	GCCAATAGTGTCACGG-1	1
NC_006587.4	15442979	15443214	TCCCTCACAAGCTTAT-1	3
NC_006587.4	15443037	15443608	TTGCACACAAGGGTTG-1	2
NC_006587.4	15443052	15443582	CGCAATAGTGTAACCA-1	1
NC_006587.4	15443078	15443313	ATCACTAAGTGAGGGT-1	2
NC_006587.4	15443095	15443179	AGCCGGTTCGTAATCA-1	2
NC_006587.4	15443102	15443144	TAGAGCCGTGGTTCCC-1	2
NC_006587.4	15443116	15443144	CTCATCATCGTCAAGT-1	1
NC_006587.4	15443131	15443239	AGCTCATAGGCGGATG-1	1
NC_006587.4	15443134	15443278	CTGTTCATCCTCGATC-1	3
NC_006587.4	15443136	15443266	TCGTCAACAGCATGGA-1	1
NC_006587.4	15443145	15443260	AAAGCCGCACCAGCAT-1	1
NC_006587.4	15443149	15443216	CGGGTCTAGTGAGGGT-1	2
NC_006587.4	15443151	15443206	CAAAGTGAGTGAAGTG-1	3
NC_006587.4	15443153	15443206	GGCAAATCAGCAACCT-1	1
NC_006587.4	15443178	15443770	CAATGACTCATTACGA-1	3
NC_006587.4	15443234	15443272	GGGCGAATCTTAAGTG-1	1
NC_006587.4	15443239	15443378	TATGGCCCAAAGCTAA-1	1
NC_006587.4	15443255	15443542	GTCAGGCTCCTGAGTG-1	1
NC_006587.4	15443255	15443639	GTCAGGCTCCTGAGTG-1	1
NC_006587.4	15443259	15443678	TCGTAATCAGTAAAGC-1	1
NC_006587.4	15443262	15443308	CTAATCCGTTAGCGTA-1	1
NC_006587.4	15443272	15443302	CTATGGCCATGAGTTT-1	1
NC_006587.4	15443272	15443372	TCCGGTTTCCTAAATG-1	1
NC_006587.4	15443273	15443501	GCCACACAGGCCAATT-1	1
NC_006587.4	15443304	15443465	GTAAGGTCATGTCAGC-1	1
NC_006587.4	15443308	15443491	TATTACCTCTTACTCG-1	1
NC_006587.4	15443309	15443588	GCACTAAGTCGTAAAT-1	1
NC_006587.4	15443309	15443608	ATCAGGTTCGCAATCG-1	2
NC_006587.4	15443313	15443523	AGTTTGCAGGTACCGC-1	1
NC_006587.4	15443313	15443526	ACTTATCTCCGCATGA-1	1
NC_006587.4	15443322	15443524	ACTAGGCGTGAGAAAC-1	2
NC_006587.4	15443328	15443401	GCCTATTGTCCTAACT-1	1
NC_006587.4	15443364	15443529	GATGCATTCAGCACGC-1	1
NC_006587.4	15443372	15443432	TCCGGTTTCCTAAATG-1	2
NC_006587.4	15443377	15443561	GATTCGCCATTGCGAC-1	1
NC_006587.4	15443377	15443590	CCTGTATGTGGATTCA-1	1
NC_006587.4	15443386	15443664	CGAAATGAGCACTAAC-1	2
NC_006587.4	15443396	15443466	ACTAATCCAGCAGGTA-1	1
NC_006587.4	15443396	15443584	GGTAAACCAAGTGTCC-1	1
NC_006587.4	15443406	15443506	GCAATCTAGAATCTCA-1	2
NC_006587.4	15443449	15443523	GTGGTTAGTGCTCCAC-1	2
NC_006587.4	15443449	15443627	AGTCTTGCACTATGGC-1	1
NC_006587.4	15443468	15443860	ACGGTACGTAAGGTCC-1	1
NC_006587.4	15443480	15443584	CTGTATTTCAGGAACA-1	2
NC_006587.4	15443499	15443535	GTGCTCAAGAACAAGT-1	1
NC_006587.4	15443518	15443585	GGAACAATCAATGTGC-1	1
NC_006587.4	15443522	15443569	ACCTAAATCATTGCGG-1	1
NC_006587.4	15443531	15443693	CTTCAAGCAGTTAGCC-1	1
NC_006587.4	15443536	15443603	CTCCTCACAGGAAGCC-1	2
NC_006587.4	15443573	15443645	ACAGGATCATTAGCCA-1	2
NC_006587.4	15443580	15443633	AAACCGCGTGGATTAT-1	1
NC_006587.4	15443585	15443744	GCATGAGCAAGTAAGC-1	2
NC_006587.4	15443595	15443621	ATTCCGGAGCCTGTGA-1	1
NC_006587.4	15443625	15443708	AGCTTAATCTAACTGA-1	3
NC_006587.4	15443628	15443751	CGCAAATTCTCCTCTT-1	1
NC_006587.4	15443631	15443738	CCTTCGTAGGGTGAGT-1	1
NC_006587.4	15443642	15443715	GGTTTCCTCGGCTAGC-1	2
NC_006587.4	15443648	15443789	TGTTGTAAGGAACACA-1	1
NC_006587.4	15443656	15444043	AGTCAGGCATCGCTCC-1	3
NC_006587.4	15443657	15444088	TGGGCCTAGTGAGGTA-1	1
NC_006587.4	15443664	15444006	ATGACTCAGACACCGC-1	2
NC_006587.4	15443665	15444109	AGACTATGTCCACAAA-1	4
NC_006587.4	15443673	15443708	TCATTGTTCACGTTAA-1	4
NC_006587.4	15443683	15443728	CAAACGCGTGTTCCCA-1	3
NC_006587.4	15443683	15443809	ATGACTCAGACACCGC-1	2
NC_006587.4	15443689	15443799	GTCTATGCAAGGTCCT-1	2
NC_006587.4	15443692	15443886	AACATCATCTTGCTAT-1	1
NC_006587.4	15443692	15444022	GAACGAATCGCAACAT-1	2
NC_006587.4	15443693	15443728	GCCTTAGAGAATGACG-1	1
NC_006587.4	15443693	15443739	GTACGTAGTTTACTTG-1	1
NC_006587.4	15443694	15443833	GCCACTAAGTCCTGAG-1	1
NC_006587.4	15443702	15444069	ACAGTATGTTTAGTCC-1	2
NC_006587.4	15443703	15444028	AAAGCTTGTGGGTACT-1	1
NC_006587.4	15443708	15443884	AGAACCGCATACTCCT-1	1
NC_006587.4	15443708	15443961	GACATTATCTTGCAGG-1	1
NC_006587.4	15443708	15444007	CATAACGGTTAAATGC-1	1
NC_006587.4	15443722	15443876	CCGTTACTCAAAGGCA-1	1
NC_006587.4	15443723	15444300	TGATGAACAGCAAGAT-1	1
NC_006587.4	15443728	15444022	AGGTCAAAGGCGAATA-1	1
NC_006587.4	15443733	15444128	CTCTAAGCACAAAGGT-1	1
NC_006587.4	15443760	15444053	ACAGTATGTAACTACG-1	1
NC_006587.4	15443766	15443829	AACTGTTCAAGGGTTG-1	1
NC_006587.4	15443794	15444053	GCTAACAGTTAGTACG-1	1
NC_006587.4	15443804	15444178	CGCTAATAGGCAAGTA-1	1
NC_006587.4	15443809	15443840	CATAGACTCAGGAACA-1	1
NC_006587.4	15443812	15444219	AACCTCCTCGGGACTC-1	1
NC_006587.4	15443833	15444002	GATGCTTAGCGAGTAA-1	1
NC_006587.4	15443833	15444153	TGAGCTTAGCTCAAAC-1	1
NC_006587.4	15443842	15444093	AATTCGTCAGCAACAG-1	2
NC_006587.4	15443874	15444083	TGCATTAAGGTCCTAG-1	1
NC_006587.4	15443884	15444077	TAAACAGCATTATGCG-1	1
NC_006587.4	15443889	15444067	GGATTTATCTAACCTT-1	1
NC_006587.4	15443894	15443961	AGGATCCGTTGGTTAG-1	2
NC_006587.4	15443895	15444206	GATCACTAGCGGATAA-1	1
NC_006587.4	15443956	15444270	GCATGAGCATATAACC-1	1
NC_006587.4	15443963	15444199	CAACCCTTCTAAGGAG-1	1
NC_006587.4	15444007	15444044	GCTCATTGTGCTCACC-1	1
NC_006587.4	15444016	15444109	GGAACAATCACTAAGC-1	5
NC_006587.4	15444022	15444095	AACCGCTCAGCAATAA-1	2
NC_006587.4	15444034	15444083	AGGACGTAGGCGCATC-1	1
NC_006587.4	15444039	15444457	CGGAGCAAGGGTGAAC-1	1
NC_006587.4	15444041	15444447	TGATCAATCTAAGGAG-1	1
NC_006587.4	15444051	15444230	GTCCTCCCACGTTACA-1	1
NC_006587.4	15444053	15444109	CAAAGGATCCCTGATC-1	1
NC_006587.4	15444053	15444109	GCTAACAGTTAGTACG-1	1
