NC_006587.4	15464999	15465746	GTAGCCATCTAACTGA-1	1
NC_006587.4	15465293	15465875	CTCAATAAGCTAATCA-1	1
NC_006587.4	15465297	15465944	TATGGCCCAGAAATTG-1	1
NC_006587.4	15465436	15465655	AGGTCATTCGAGCTAT-1	1
NC_006587.4	15465475	15465663	GGCCTAATCGGCTATG-1	3
NC_006587.4	15465492	15465759	TTGCATTTCAATGAGG-1	1
NC_006587.4	15465540	15465583	AGCAATTGTCTTACTA-1	2
NC_006587.4	15465551	15465925	GTAAGCGCAGCTTACA-1	2
NC_006587.4	15465562	15466038	TTTGTGTTCGCAGGCT-1	2
NC_006587.4	15465599	15465772	TTACAGCAGGAGCAAC-1	1
NC_006587.4	15465620	15465772	TTTCGTCCAGCACGTT-1	1
NC_006587.4	15465624	15465772	GCTAACAGTGCTGGTG-1	1
NC_006587.4	15465637	15465715	TAGACCAGTTGACTTC-1	1
NC_006587.4	15465656	15465772	ACTTGTCGTAGGTTAT-1	2
NC_006587.4	15465672	15465914	GGAAGTATCTATTGTC-1	1
NC_006587.4	15465696	15465834	TTTCGTCCAGCACGTT-1	1
NC_006587.4	15465727	15465956	CCAGCTGCACAACAAA-1	1
NC_006587.4	15465732	15465772	TCTAGCACAGGCATGA-1	1
NC_006587.4	15465757	15465951	AAGCGAATCAATGTGC-1	3
NC_006587.4	15465761	15465910	CGGAGTCTCAAGTGTC-1	1
NC_006587.4	15465772	15465867	ATTGGCTAGAGGAGGA-1	3
NC_006587.4	15465772	15465944	GTAAGCAAGTATTGGC-1	2
NC_006587.4	15465772	15466001	TCCTTGCAGTAGCGGG-1	1
NC_006587.4	15465772	15466002	ATGGCCCAGGCTGTCA-1	1
NC_006587.4	15465792	15465833	GTCCTCAGTCCTTTAA-1	1
NC_006587.4	15465797	15466000	TAAGCCTAGGAAACTG-1	2
NC_006587.4	15465804	15465982	TATGTGATCATTACAG-1	1
NC_006587.4	15465839	15465882	ATGACGAAGCTTAGCG-1	1
NC_006587.4	15465858	15466000	TCTAGCACAGGCATGA-1	3
NC_006587.4	15465896	15466081	TTTCCTGAGTACTGGT-1	1
NC_006587.4	15465908	15466015	GGCCTTAAGGGCTTTG-1	1
NC_006587.4	15465925	15466016	GGTAACTTCGATTATG-1	1
NC_006587.4	15465943	15465980	GGTAAGGGTTGCATCT-1	1
NC_006587.4	15465944	15465990	GGCTGAGAGCAGGTGG-1	1
NC_006587.4	15465944	15466037	GCATTAGGTGCATCGG-1	1
NC_006587.4	15465945	15465971	TTGCTTAGTGATGAGG-1	1
NC_006587.4	15465956	15466142	GGTGAGCCATAAGTCT-1	1
NC_006587.4	15465969	15466310	CCGTTATGTGTTTGCT-1	1
NC_006587.4	15465971	15466002	AGTTGTCAGGCTGTCA-1	3
NC_006587.4	15465980	15466043	AGAAAGGCATGTCAAT-1	1
NC_006587.4	15465982	15466038	TATGTGATCATTACAG-1	1
NC_006587.4	15465984	15466038	CGCTTACTCGATATTG-1	1
NC_006587.4	15465987	15466051	GGTCAAGCACTAAGCC-1	2
NC_006587.4	15465992	15466320	CCTACTTCAGGATAAC-1	1
NC_006587.4	15466000	15466051	TTGCAATCATTAGGTT-1	2
NC_006587.4	15466001	15466062	AAGGATGTCCTTGCGT-1	1
NC_006587.4	15466001	15466360	TCCTTGCAGTAGCGGG-1	1
NC_006587.4	15466011	15466087	GGCGGTTTCTCAATGA-1	2
NC_006587.4	15466011	15466129	AAGCATGAGTTATCTC-1	1
NC_006587.4	15466011	15466331	TGTGGCCAGGCTGTGC-1	1
NC_006587.4	15466016	15466112	GTAAGCAAGTATTGGC-1	2
NC_006587.4	15466018	15466056	GTAAGCGCAGCATGTC-1	2
NC_006587.4	15466018	15466071	AGGTAACCAAGGACCA-1	2
NC_006587.4	15466028	15466105	GGTCCTGCATGCTTAG-1	1
NC_006587.4	15466037	15466082	GAGCGATAGCTGGCTA-1	1
NC_006587.4	15466043	15466072	GATTGATGTCTCACTG-1	1
NC_006587.4	15466043	15466132	TATAGCCAGCCTAACG-1	2
NC_006587.4	15466049	15466182	GTTTGTAAGGTACCGC-1	2
NC_006587.4	15466054	15466100	ACATAGCTCCGGCTAA-1	3
NC_006587.4	15466056	15466084	ATCACCCTCTTGCAGG-1	1
NC_006587.4	15466058	15466082	GAGTCATTCCAGGAAA-1	2
NC_006587.4	15466061	15466100	TCCATATTCAAGTGAG-1	4
NC_006587.4	15466061	15466501	TAAGTAGCACAGAACG-1	1
NC_006587.4	15466062	15466119	AGTGATGAGCAGGTGG-1	2
NC_006587.4	15466072	15466107	GTGAGCGAGGTCTTGG-1	1
NC_006587.4	15466075	15466208	TGTTACTTCATGAGCT-1	1
NC_006587.4	15466076	15466537	ATGGCTAGTCATGCAA-1	1
NC_006587.4	15466103	15466144	GGACAGCCACTTCACT-1	2
NC_006587.4	15466105	15466164	GACTCACCACATGCTA-1	2
NC_006587.4	15466118	15466164	GACTCACCACATGCTA-1	1
NC_006587.4	15466119	15466162	TAGGAGGGTGCTAGCG-1	2
NC_006587.4	15466119	15466197	TATGTGATCATTACAG-1	4
NC_006587.4	15466126	15466563	ACTATCCGTTACTTCA-1	1
NC_006587.4	15466129	15466492	CGGTTCCGTCATGAGC-1	1
NC_006587.4	15466179	15466322	TAGCCTTGTTGGCGTG-1	1
NC_006587.4	15466182	15466324	GACTCACCACATGCTA-1	1
NC_006587.4	15466193	15466247	TTAAGGTGTAGTTGGC-1	2
NC_006587.4	15466216	15466234	AATAACCGTCGCGCAA-1	1
NC_006587.4	15466224	15466322	AGTAGCTTCTCAATTC-1	1
NC_006587.4	15466241	15466314	TGAGGCACAAACCTAT-1	1
NC_006587.4	15466322	15466360	AACTCACAGGTTTACA-1	1
NC_006587.4	15466334	15466385	TTGTGCCTCGCGCTAA-1	1
NC_006587.4	15466338	15466372	CTCTTGATCTGCAACG-1	1
NC_006587.4	15466343	15466452	TACTAAGTCATTACGA-1	1
NC_006587.4	15466352	15466541	GTGCACGGTACGTTTC-1	1
NC_006587.4	15466360	15466438	TGCATCCTCGATAACC-1	1
NC_006587.4	15466363	15466501	AGGCTAAAGGCAATAG-1	2
NC_006587.4	15466375	15466457	CAAGTATGTGCAACTA-1	2
NC_006587.4	15466379	15466405	CGGATTAGTTGGTTCT-1	1
NC_006587.4	15466379	15466547	TAGCATATCTATCGCC-1	1
NC_006587.4	15466385	15466563	CACCTGTTCTCATCAT-1	2
NC_006587.4	15466405	15466537	CCTTCGTAGGGTGAGT-1	1
NC_006587.4	15466421	15466563	CTTTATGGTCATCCTG-1	1
NC_006587.4	15466421	15466584	ATTTGTGAGGCGAATA-1	1
NC_006587.4	15466441	15466615	GTGGATGCACCTACGG-1	1
NC_006587.4	15466457	15466610	GATTGATGTCTCACTG-1	1
NC_006587.4	15466466	15466610	GACTCACCACATGCTA-1	1
NC_006587.4	15466492	15466541	TTCAGGTAGAGAAGGG-1	1
NC_006587.4	15466563	15466760	ACTATCCGTTACTTCA-1	1
