NC_006589.4	17087769	17088363	GAACCAGCAGGATGGC-1	1
NC_006589.4	17087847	17088228	CTGTAACAGGCGCTTA-1	1
NC_006589.4	17087910	17088205	TGCTAGCCAGGAACTG-1	1
NC_006589.4	17087970	17088329	TTTGTGTTCCTCGATC-1	1
NC_006589.4	17087970	17088375	TTTGTGTTCCTCGATC-1	1
NC_006589.4	17088065	17088373	GGCAGGATCGTTTCTG-1	1
NC_006589.4	17088065	17088373	GTTAATGTCGTTTCTG-1	1
NC_006589.4	17088072	17088331	TATTAGGTCGTTTCTG-1	1
NC_006589.4	17088082	17088416	CTGGATGTCAACCAAC-1	1
NC_006589.4	17088087	17088253	AGTGCGGAGGTAACGA-1	2
NC_006589.4	17088100	17088303	CGGCAATGTAACGAGG-1	2
NC_006589.4	17088117	17088426	GATCAAGAGCTCCTAC-1	1
NC_006589.4	17088144	17088327	GCAAGTGCAATAAGCA-1	1
NC_006589.4	17088149	17088502	CGCCAAATCATCCTGC-1	3
NC_006589.4	17088160	17088218	ATGGCTTAGTGAACGA-1	1
NC_006589.4	17088205	17088396	TGCTAGCCAGGAACTG-1	1
NC_006589.4	17088212	17088675	CAATGACTCTAAGTCA-1	1
NC_006589.4	17088225	17088272	GAGTGTTTCACTTCAT-1	1
NC_006589.4	17088236	17088375	ATTAGGTGTGATGGCT-1	1
NC_006589.4	17088236	17088396	AACAAAGGTGGATTCA-1	1
NC_006589.4	17088243	17088375	GATTCAGGTATTACCC-1	1
NC_006589.4	17088264	17088375	TTAGTCAAGGCTATGT-1	2
NC_006589.4	17088271	17088331	CGCCACACAAGCGAGC-1	1
NC_006589.4	17088295	17088327	TGTAAGCTCATTACAG-1	1
NC_006589.4	17088315	17088432	AACAGGATCAGAAACG-1	1
NC_006589.4	17088322	17088488	GGTTCTTGTTACAAAC-1	1
NC_006589.4	17088324	17088347	CCCTAATGTGGTTATG-1	1
NC_006589.4	17088329	17088410	GTGCATTAGGGATGCG-1	1
NC_006589.4	17088331	17088377	CGCGATTCAATATAGG-1	1
NC_006589.4	17088331	17088406	TTTGGCTGTTCGCTCA-1	3
NC_006589.4	17088331	17088449	TACTGACAGTGTTGTA-1	2
NC_006589.4	17088346	17088675	TCAGCGATCGGGCCAT-1	1
NC_006589.4	17088347	17088410	ATCCATAAGTTTGGGT-1	1
NC_006589.4	17088365	17088568	TATGGGCGTATTGTGG-1	1
NC_006589.4	17088374	17088437	ATTATGGTCTTAGCGG-1	4
NC_006589.4	17088377	17088400	CTATAACCAGATAGAC-1	3
NC_006589.4	17088388	17088432	CGAGGTGAGCCTGACA-1	1
NC_006589.4	17088388	17088655	CAATAGCTCGATTTGA-1	3
NC_006589.4	17088389	17088614	CGAAGAATCGGTTTCC-1	2
NC_006589.4	17088400	17088432	TGAAACTGTTCGCTCA-1	1
NC_006589.4	17088405	17088436	TAGGTGCGTAATGACT-1	2
NC_006589.4	17088410	17088444	GTGCTTACAGAAATTG-1	1
NC_006589.4	17088410	17088765	CTCTGTTCATACCCGG-1	2
NC_006589.4	17088416	17088565	GAGCGGTCATCTTGAG-1	1
NC_006589.4	17088416	17088675	TAACCAGGTTGGTTGA-1	1
NC_006589.4	17088418	17088755	GCGATATTCCTAAGAC-1	1
NC_006589.4	17088422	17088678	GGTTGCATCGGGCCAT-1	1
NC_006589.4	17088436	17088755	AGAATCGAGCGTGCGT-1	3
NC_006589.4	17088436	17088765	CGTGTTACACTATGGC-1	1
NC_006589.4	17088438	17088626	TCGGTAAGTGATCAGC-1	1
NC_006589.4	17088446	17088755	GGAGTGAGTGAGCACT-1	1
NC_006589.4	17088460	17088708	GGTGTCCAGCGCATTG-1	1
NC_006589.4	17088465	17088508	AAACCGCGTTATCGAG-1	1
NC_006589.4	17088465	17088581	CGCTTACTCCTAAGTA-1	1
NC_006589.4	17088470	17088665	ACTCGCTTCCGCACAA-1	1
NC_006589.4	17088478	17088755	AAACGGATCGTTACTT-1	1
NC_006589.4	17088479	17088596	TATTAGCCAGGGAGCT-1	3
NC_006589.4	17088483	17088546	GTGCGGTTCATGGTTA-1	1
NC_006589.4	17088488	17088525	ACCTTCATCCTAATGA-1	1
NC_006589.4	17088508	17088575	AAACCGCGTTATCGAG-1	1
NC_006589.4	17088525	17088675	CCTAAGTAGGCCTTAG-1	1
NC_006589.4	17088565	17088621	CAAATCATCGTCCTTA-1	1
NC_006589.4	17088571	17088647	CGGTAACGTGAGACTC-1	3
NC_006589.4	17088571	17088789	TGACTCCTCGATCAGT-1	2
NC_006589.4	17088572	17088728	GGATGAATCAATGTGC-1	3
NC_006589.4	17088605	17088796	GTCAAACTCTAAGGAG-1	1
NC_006589.4	17088608	17088884	GCGGTTGGTTGGATCA-1	2
NC_006589.4	17088621	17088793	GAGGCCTTCGTTAGCG-1	3
NC_006589.4	17088624	17088655	GAGCTGCTCGCTCCAT-1	1
NC_006589.4	17088626	17088690	GGTCAGGAGCTGGACC-1	2
NC_006589.4	17088626	17088755	CTACTAAAGCGCATTG-1	1
NC_006589.4	17088634	17088775	TTTGACCGTAGTCAAT-1	2
NC_006589.4	17088657	17088845	GCACGAACAAACGGGC-1	1
NC_006589.4	17088665	17088860	CTAAGTCAGACACCGC-1	1
NC_006589.4	17088667	17089086	GAGAACCAGGTTTGAC-1	2
NC_006589.4	17088668	17088765	CATTTGTTCTTAGTCT-1	2
NC_006589.4	17088670	17088909	GGGTTTGTCACGCCAA-1	2
NC_006589.4	17088685	17088714	TTCGTTAGTTTATCTG-1	1
NC_006589.4	17088685	17088728	ACATTAGTCGCTAGCA-1	1
NC_006589.4	17088686	17088723	ATGAAGCCACTTGTTC-1	1
NC_006589.4	17088694	17088728	CAAGCTAGTCAAGTAT-1	1
NC_006589.4	17088699	17089050	GGCCTCTGTACGCGCA-1	2
NC_006589.4	17088718	17088760	CGGGTATGTGGATTAT-1	1
NC_006589.4	17088723	17088755	TGATCAATCCTCAGCT-1	1
NC_006589.4	17088723	17088855	CTGCTCCCAGAGGGAG-1	1
NC_006589.4	17088728	17088765	GCTAGCTCAAACTCAT-1	4
NC_006589.4	17088728	17088770	TGTCATAAGGACCTTG-1	1
NC_006589.4	17088735	17088840	TAAGTAGCACAGAACG-1	1
NC_006589.4	17088738	17088768	GATCAAGAGCTCCTAC-1	3
NC_006589.4	17088753	17088793	AGCAATTGTTAGGCGT-1	2
NC_006589.4	17088753	17088815	AATTGTGTCTTGTCTG-1	4
NC_006589.4	17088755	17088782	ACACAATGTTTACCGT-1	1
NC_006589.4	17088755	17088793	GTCGGTTCAAGGAATC-1	1
NC_006589.4	17088755	17088805	GCTAGTGTCCGCAAAT-1	1
NC_006589.4	17088755	17088954	GATCAAGAGGCGGATG-1	1
NC_006589.4	17088756	17088796	CGTCAATAGTCCTGAG-1	1
NC_006589.4	17088758	17088782	CATCACACACGAACAG-1	1
NC_006589.4	17088762	17088900	GCTTTCATCAAAGGCA-1	3
NC_006589.4	17088768	17088817	GGCTAGACATAAAGCA-1	2
NC_006589.4	17088770	17088815	TTTAGCAAGCACTAGT-1	2
NC_006589.4	17088782	17088840	ACACAATGTTTACCGT-1	1
NC_006589.4	17088784	17088885	CATGCGGGTGCCTCAC-1	1
NC_006589.4	17088787	17089011	CAAGAACCATGGCCCA-1	2
NC_006589.4	17088805	17088885	AGTTTGCAGGAACCAA-1	2
NC_006589.4	17088805	17089368	ACACAATGTTAGTGAT-1	1
NC_006589.4	17088806	17088945	AGGCGGATCGTCCTTA-1	1
NC_006589.4	17088810	17089277	CATTATCTCACTCGCT-1	1
NC_006589.4	17088827	17088885	TACTTCGTCGAGCTAT-1	1
NC_006589.4	17088840	17088918	ATATGCTCACTAAATC-1	2
NC_006589.4	17088840	17088993	GCTATAGGTTGTTGGA-1	3
NC_006589.4	17088841	17088888	CCACACAAGACAAAGT-1	1
NC_006589.4	17088856	17088910	CACCTCAGTTGAAGCC-1	1
NC_006589.4	17088860	17089095	TTGACATCAAACTCAT-1	2
NC_006589.4	17088874	17088916	TTTAAGGTCATTTGCT-1	1
NC_006589.4	17088885	17089081	TGGTGATTCGCACACA-1	1
NC_006589.4	17088893	17088957	ATTACGTCACCTAAGC-1	1
NC_006589.4	17088899	17088933	CGGATAAAGGCCTAAT-1	1
NC_006589.4	17088914	17089103	TTTCCTGAGTGCACGC-1	2
NC_006589.4	17088924	17089011	GAGTATCTCATCCACC-1	1
NC_006589.4	17088937	17089095	GTATCGCCACCAACCG-1	1
NC_006589.4	17088953	17089277	GGTGCTGGTTAAATGC-1	2
NC_006589.4	17088959	17089650	GCACTTACAGTAAAGC-1	1
NC_006589.4	17088967	17089093	CGTAACTAGGAACGGT-1	1
NC_006589.4	17088967	17089115	CGCCACACAAGCGAGC-1	2
NC_006589.4	17088972	17089038	CAAGCTAGTGATCATG-1	1
NC_006589.4	17088992	17089277	TGTAAGCTCACCTGTC-1	1
NC_006589.4	17089032	17089076	TGTCATAAGCGGTTAT-1	2
NC_006589.4	17089086	17089277	CCGCAAGGTGTTGTGA-1	2
NC_006589.4	17089103	17089140	TGCCATTGTGGATTCA-1	1
NC_006589.4	17089125	17089311	GAGGACTAGGAAACTG-1	3
NC_006589.4	17089126	17089471	CATAACGGTTACTTCA-1	1
NC_006589.4	17089132	17089191	CTTAACAAGTTAGAGG-1	1
NC_006589.4	17089157	17089343	GCACCTAAGTAGCGCC-1	1
