NC_006592.4	11277306	11278085	GATTAAGCAGTTTCTC-1	1
NC_006592.4	11277677	11278108	ACTTGAATCAAGCGCC-1	2
NC_006592.4	11277751	11278086	TGGCCAATCCACCTTA-1	1
NC_006592.4	11277761	11277980	GTCTTTGTCATAACCA-1	2
NC_006592.4	11277838	11277894	TGAGAACCACAGGAAT-1	1
NC_006592.4	11277852	11278284	CGGAGCAAGGCCTGGT-1	1
NC_006592.4	11277894	11278175	TGGATTGGTAACTACG-1	1
NC_006592.4	11277902	11278100	AGTCAATGTGATGAGG-1	2
NC_006592.4	11277904	11278443	GATCAAGAGTTATCCT-1	1
NC_006592.4	11277973	11278342	TTCGGTACAAATACCT-1	2
NC_006592.4	11278025	11278166	ACGAGTAAGCGGCTGT-1	1
NC_006592.4	11278032	11278088	GAGGGAGCATGAATAG-1	1
NC_006592.4	11278066	11278215	AGGATCCGTAACCTAG-1	2
NC_006592.4	11278093	11278210	TTGGATATCGAGCTAT-1	1
NC_006592.4	11278103	11278820	AAGGCCCTCGGCTAGC-1	1
NC_006592.4	11278118	11278140	CCATAAATCTAAGGTC-1	2
NC_006592.4	11278136	11278187	TACGCACCATAGCTGC-1	1
NC_006592.4	11278141	11278552	CGGGACAAGCTCCTAC-1	2
NC_006592.4	11278147	11278217	GATCAGGCATTGTGCA-1	2
NC_006592.4	11278158	11278347	GACTTAGGTCCTCCAA-1	1
NC_006592.4	11278170	11278382	TCTAGCGAGGAGGACT-1	2
NC_006592.4	11278187	11278342	CTGTGTGAGTCAGTAC-1	1
NC_006592.4	11278189	11278297	AAGACAAGTGCAATAT-1	2
NC_006592.4	11278192	11278366	TTAGGATGTACCGGAT-1	1
NC_006592.4	11278199	11278255	AGAACCGCACTTCACT-1	2
NC_006592.4	11278199	11278284	AAGCGCTGTAATCACG-1	1
NC_006592.4	11278202	11278284	AACGGTAAGCTAATTG-1	2
NC_006592.4	11278235	11278284	CCTTATGTCAGGTTTA-1	2
NC_006592.4	11278238	11278283	AGTTTGCAGACTATTG-1	1
NC_006592.4	11278255	11278333	TTTAGGATCATCAGTA-1	1
NC_006592.4	11278274	11278347	GGTTGCTCAGCAACAG-1	2
NC_006592.4	11278281	11278438	AAAGGAGCACGTAAGG-1	1
NC_006592.4	11278282	11278310	GAGTCATTCTGTGAGT-1	1
NC_006592.4	11278282	11278314	TGCATCCTCTTGGACG-1	2
NC_006592.4	11278283	11278347	ATGTTCAAGACAAACG-1	2
NC_006592.4	11278283	11278366	AGCTTTAAGTAAACCC-1	1
NC_006592.4	11278284	11278335	TGAGGTGCACAGAACG-1	1
NC_006592.4	11278284	11278352	TGCCTGTTCTTAGTGA-1	2
NC_006592.4	11278290	11278404	GTTCTTAGTTTACCGT-1	1
NC_006592.4	11278291	11278361	GCTAACAGTGCACGCA-1	1
NC_006592.4	11278297	11278352	CGCACCACACAGACTC-1	2
NC_006592.4	11278298	11278335	ACATTGCAGTTGGGCC-1	1
NC_006592.4	11278299	11278366	GAGTAATAGCACAGCC-1	2
NC_006592.4	11278299	11278366	GGTGAGGTCGGGATTT-1	2
NC_006592.4	11278299	11278461	GCCTACTTCTTAAGTG-1	2
NC_006592.4	11278300	11278335	CGCTAATAGGTCCAAT-1	3
NC_006592.4	11278300	11278644	TCCGCCATCATGCGTG-1	1
NC_006592.4	11278306	11278361	GCCAACATCAATGACC-1	1
NC_006592.4	11278306	11278366	CCGTTAACAGCAACCT-1	1
NC_006592.4	11278306	11278540	GAGTTTGGTGTTGCAA-1	2
NC_006592.4	11278313	11278573	GATAAAGGTAGCTGCG-1	1
NC_006592.4	11278315	11278378	GCGATATTCTAAATCG-1	1
NC_006592.4	11278333	11278366	TTAGGATGTACCGGAT-1	1
NC_006592.4	11278335	11278433	ATCTTTGGTCAGGAAG-1	1
NC_006592.4	11278340	11278372	AGCGCCTAGGTCAAAG-1	2
NC_006592.4	11278342	11278501	TCACGGATCCTAAGTA-1	1
NC_006592.4	11278347	11278428	GACCTGATCCAATTAG-1	2
NC_006592.4	11278347	11278550	TACCTGCTCTCATCAT-1	1
NC_006592.4	11278355	11278465	CAATATGTCGATTATG-1	1
NC_006592.4	11278360	11278637	TACGGTTAGCGGATAA-1	2
NC_006592.4	11278361	11278448	CCGCTAGCAAAGCGCA-1	1
NC_006592.4	11278361	11278550	GGCTCAATCCAGGTTG-1	1
NC_006592.4	11278361	11278734	AGGTCTTAGCAAACCT-1	1
NC_006592.4	11278366	11278409	GGTATTGGTCCTCCAA-1	1
NC_006592.4	11278366	11278791	GGCTCACAGGCTTAGT-1	1
NC_006592.4	11278373	11278438	GATTATGTCGTTTCGC-1	1
NC_006592.4	11278374	11278409	AAGACATAGTTGTCAA-1	1
NC_006592.4	11278374	11278418	GCCCATAAGTAACCCG-1	1
NC_006592.4	11278378	11278404	CAAGTTATCCTAATTC-1	1
NC_006592.4	11278380	11278488	TATAACCCATGAGTTT-1	1
NC_006592.4	11278386	11278418	TACGCTTGTGGTTATG-1	1
NC_006592.4	11278387	11278443	CGCTAACCACCTGCTC-1	2
NC_006592.4	11278391	11278477	GAAGTGATCGGTCAGC-1	2
NC_006592.4	11278392	11278550	TTGCTTTAGACAACGA-1	3
NC_006592.4	11278402	11278715	CATTCATTCTCACACC-1	1
NC_006592.4	11278409	11278430	CTCGCTAGTGTGTGGT-1	1
NC_006592.4	11278427	11278487	TATGGTCAGCGAGGTG-1	1
NC_006592.4	11278428	11278470	ACCATAATCGCAGGCT-1	1
NC_006592.4	11278428	11278758	GCCAATTAGGTAAGGC-1	1
NC_006592.4	11278428	11278848	ATTATGGTCTCCTCTT-1	2
NC_006592.4	11278430	11278461	GTTAGACTCCCAGTAG-1	1
NC_006592.4	11278433	11278482	GTTAAACGTAAAGCGG-1	2
NC_006592.4	11278433	11278579	CTCCAAACACTAGGTC-1	1
NC_006592.4	11278460	11278501	GAAGCTAAGGAAGTAT-1	2
NC_006592.4	11278460	11278637	AGTTACTCAAATTGCT-1	1
NC_006592.4	11278460	11279148	ACTCCTCAGCATCCAG-1	2
NC_006592.4	11278461	11278850	CGCACCACACAGACTC-1	1
NC_006592.4	11278470	11278568	CGTTTCTCATTAAAGG-1	2
NC_006592.4	11278470	11278637	GACCGAACAGCCTGCA-1	1
NC_006592.4	11278480	11278605	GGCCAACTCTAAGGAG-1	3
NC_006592.4	11278492	11278605	GCCTACTTCTTAAGTG-1	1
NC_006592.4	11278501	11278705	TGCATTAAGGCTTAGT-1	1
NC_006592.4	11278503	11278635	CCGTTGCGTCGCAAAC-1	1
NC_006592.4	11278517	11278626	GCCAATTAGTAAAGGT-1	3
NC_006592.4	11278538	11278637	AAGTGTTGTGATTACG-1	1
NC_006592.4	11278553	11278758	TAGCTAATCTAATCCT-1	1
NC_006592.4	11278579	11278689	GGATTATGTTAGGTGC-1	1
NC_006592.4	11278589	11278680	TGTGGCGGTCCTAATC-1	2
NC_006592.4	11278600	11278744	TAGGTTGGTGCTGTAA-1	2
NC_006592.4	11278635	11278715	GTATGTTCACATGCTA-1	3
NC_006592.4	11278680	11278789	CAGGACACACAGCCTG-1	1
NC_006592.4	11278689	11278819	GGATTATGTTAGGTGC-1	1
NC_006592.4	11278689	11278819	GTCTATCGTTAGGTGC-1	1
NC_006592.4	11278705	11278739	CTCCGGACATAGACTT-1	1
NC_006592.4	11278734	11279166	TGCTAACAGCGATACT-1	1
NC_006592.4	11278744	11278798	AACAGATAGAATCGCT-1	1
NC_006592.4	11278744	11278806	CCAGCCTGTTTAACCC-1	1
NC_006592.4	11278744	11278834	ATCATGTCAATGAATG-1	2
NC_006592.4	11278744	11278931	TTACGTTTCCAGGAAA-1	1
NC_006592.4	11278783	11278970	GGTAGGAGTTGGCGTG-1	2
NC_006592.4	11278812	11278854	AACGGTAAGTTTCCGC-1	1
NC_006592.4	11278813	11279108	GATTGTTCAGCCTAAC-1	1
NC_006592.4	11278819	11279213	CAGGCTATCCCTGGTT-1	1
NC_006592.4	11278826	11278997	CGTTAAATCCCGAACA-1	2
NC_006592.4	11278829	11278865	CATTGTAAGCTGTCAG-1	1
NC_006592.4	11278829	11278875	ATCGGCCAGTTCCCAC-1	2
NC_006592.4	11278848	11278981	GGTCTTTGTATTGTCC-1	3
NC_006592.4	11278849	11278982	TTGCAACAGCAAACCT-1	1
NC_006592.4	11278849	11279028	GATTCCTGTTCCGGGA-1	1
NC_006592.4	11278858	11278892	AACTCACAGCAATAGG-1	1
NC_006592.4	11278864	11278987	GTCATGAGTTTAAAGC-1	1
NC_006592.4	11278875	11279213	AAAGCACCAGGCATCT-1	1
NC_006592.4	11278887	11279017	TACGTAATCACAGACT-1	2
