NC_006614.4	15199590	15200147	CGATCCTTCTGGCATG-1	1
NC_006614.4	15199690	15200135	GAGGTACAGTAACTCA-1	1
NC_006614.4	15199699	15200194	ATGTTTGAGCTGGCTA-1	2
NC_006614.4	15199749	15200238	AACTGTTCAGGTTACC-1	2
NC_006614.4	15199838	15200171	AAATCCGGTCCACAAA-1	1
NC_006614.4	15199863	15200130	CTAATAGTCAAATCGC-1	1
NC_006614.4	15199947	15200275	CGGCTAATCGCTAAGT-1	2
NC_006614.4	15199956	15200322	AGTTGCGTCATGCTTT-1	1
NC_006614.4	15199966	15200174	ACTTACTTCCTCATCA-1	1
NC_006614.4	15199967	15200192	GAGGTAGGTAGGATTT-1	1
NC_006614.4	15200036	15200273	TGATTCAAGTGGCGGA-1	1
NC_006614.4	15200046	15200256	GCCAACATCTGTTGCC-1	1
NC_006614.4	15200057	15200251	CGATGTCCATGTCAGC-1	2
NC_006614.4	15200072	15200147	TCGTCAACAATGAGGT-1	1
NC_006614.4	15200072	15200152	GTTTGTCGTAATCGCA-1	3
NC_006614.4	15200081	15200147	TTGGCTTGTGTGTCCC-1	1
NC_006614.4	15200098	15200271	TTGTCCGGTACTTCAC-1	1
NC_006614.4	15200123	15200187	GTACTTAAGTTAGAGG-1	2
NC_006614.4	15200124	15200173	GGTTACCCAAACTGTT-1	1
NC_006614.4	15200130	15200173	TATAACCCATGTCAAT-1	1
NC_006614.4	15200130	15200193	TTTCGTCCACAATTAC-1	2
NC_006614.4	15200135	15200239	GGCATGGAGTAGGCGG-1	1
NC_006614.4	15200136	15200238	GCGCAAACAAGGACCA-1	1
NC_006614.4	15200137	15200186	GTGCTTACATCTTGAG-1	2
NC_006614.4	15200140	15200261	TGAACAACAAAGGCCA-1	1
NC_006614.4	15200142	15200241	CTAGTGAGTGAGGTGA-1	1
NC_006614.4	15200149	15200295	GTACGTAGTTCCTGAT-1	1
NC_006614.4	15200152	15200251	TGAGGAGGTTCGCTTG-1	1
NC_006614.4	15200152	15200270	TTGTAAGTCTCGACCT-1	1
NC_006614.4	15200154	15200317	GAAGCCTGTCATAACG-1	1
NC_006614.4	15200165	15200328	GTTCACCTCCCTCACG-1	1
NC_006614.4	15200166	15200228	CAATGACTCTAAGTCA-1	3
NC_006614.4	15200166	15200245	TGTTGTAAGGCGAATA-1	2
NC_006614.4	15200171	15200198	ATCACAATCGCAGGCT-1	1
NC_006614.4	15200173	15200233	GCACCTAAGCCTGACA-1	1
NC_006614.4	15200173	15200251	CAAGTAACACTAGCGT-1	2
NC_006614.4	15200173	15200273	CAGGGCTTCTAGCGTG-1	2
NC_006614.4	15200173	15200593	CTAATAGTCTGTTGCC-1	3
NC_006614.4	15200179	15200231	GAGTGAGGTCAACAAT-1	1
NC_006614.4	15200186	15200231	CGTAACCCACCTGTAA-1	2
NC_006614.4	15200193	15200246	GGAGGTTAGACTTACA-1	1
NC_006614.4	15200193	15200285	TGTGTGAGTACGCGCA-1	1
NC_006614.4	15200193	15200287	TACTGGCCAGCATGAG-1	1
NC_006614.4	15200194	15200256	GGTTGCTCAATAATGG-1	1
NC_006614.4	15200198	15200251	TGTATCGCAGCCAGTT-1	1
NC_006614.4	15200203	15200251	ATGAAGCCATGAGCAG-1	1
NC_006614.4	15200204	15200328	AACTGTTCAAGTCGCT-1	1
NC_006614.4	15200211	15200331	TCCTAGTGTATTGGAT-1	1
NC_006614.4	15200220	15200281	GGCGGTTTCGAGGTGG-1	1
NC_006614.4	15200231	15200324	GATTCAATCCCTGATC-1	1
NC_006614.4	15200231	15200337	AACCTCCTCAATGACC-1	4
NC_006614.4	15200231	15200575	CTACAACAGATGCCTG-1	2
NC_006614.4	15200236	15200337	AACCTCCTCCGGCTAA-1	1
NC_006614.4	15200236	15200680	TAATCACCAGCACCAT-1	2
NC_006614.4	15200238	15200269	TCCTTCAAGAAGCTAG-1	1
NC_006614.4	15200238	15200458	AACTGTTCAGGTTACC-1	1
NC_006614.4	15200241	15200274	GTACTAATCAGCACCA-1	1
NC_006614.4	15200241	15200285	CATGCGGGTGATGATT-1	2
NC_006614.4	15200241	15200307	TGAGCCGGTTGTAACG-1	3
NC_006614.4	15200241	15200318	GCTGTGCAGGTGCGGA-1	2
NC_006614.4	15200241	15200383	ACCTGGTCAAACTAAG-1	1
NC_006614.4	15200241	15200670	GGGTGAAGTAATAGCT-1	1
NC_006614.4	15200245	15200329	ATTTGTGAGAATCGCT-1	3
NC_006614.4	15200245	15200331	GGGTGTTGTAGACAAA-1	2
NC_006614.4	15200245	15200625	GTTGCCCGTCCTCCAA-1	1
NC_006614.4	15200246	15200293	ATGTAAGCAGCATGGA-1	1
NC_006614.4	15200251	15200288	CGATTATCACGTTACA-1	1
NC_006614.4	15200251	15200290	ACGAAGTCAATCTCTC-1	1
NC_006614.4	15200251	15200297	GAGTGTTTCATTATGG-1	1
NC_006614.4	15200251	15200302	CTATTGAAGTAATCCA-1	1
NC_006614.4	15200251	15200322	AAGGTCAAGTAACGAG-1	1
NC_006614.4	15200251	15200322	CGGTTCCGTTTACGTC-1	1
NC_006614.4	15200251	15200328	GAGCTTAGTGTTCCCA-1	2
NC_006614.4	15200251	15200329	CGTCATTGTCAAGTGC-1	3
NC_006614.4	15200251	15200336	GTTGGAGCACAATGCC-1	1
NC_006614.4	15200251	15200376	CCTCCTCTCATAACGC-1	2
NC_006614.4	15200251	15200511	TTGAGGCGTGAGAAAC-1	1
NC_006614.4	15200251	15200842	TAGCTAATCAGGTCCA-1	1
NC_006614.4	15200253	15200323	AAAGGAGCAAGCGAGC-1	1
NC_006614.4	15200256	15200295	TACCTCATCGGTTAGT-1	1
NC_006614.4	15200256	15200331	CAGGTGGAGGCAACAA-1	1
NC_006614.4	15200256	15200593	ACTTGTCGTCGTAAAT-1	1
NC_006614.4	15200261	15200312	CATCGCTTCCAATAGC-1	1
NC_006614.4	15200266	15200600	TACTCAAAGCTTTGGG-1	2
NC_006614.4	15200280	15200336	ACAGTATGTTGGTGAC-1	1
NC_006614.4	15200290	15200339	GGCGTTATCTTGGACG-1	1
NC_006614.4	15200298	15200373	GAACCTGTCACGCGGT-1	2
NC_006614.4	15200312	15200786	AGGAGCTAGTGAACGA-1	2
NC_006614.4	15200322	15200376	TCAGTAATCACGTTAA-1	1
NC_006614.4	15200322	15200645	AAGGTCAAGTAACGAG-1	1
NC_006614.4	15200322	15200754	GGCTAGACAAAGGTAC-1	2
NC_006614.4	15200328	15200577	CATAATGTCTCCATGC-1	1
NC_006614.4	15200328	15200632	AGACCCGGTGCGCATG-1	2
NC_006614.4	15200331	15200376	AATCATGTCTTGATGA-1	1
NC_006614.4	15200331	15200382	GGTATTTCAGGCATGA-1	1
NC_006614.4	15200331	15200570	TCCTTGCAGGTGTCCA-1	2
NC_006614.4	15200344	15200577	GGTTGCTCATAATCGT-1	1
NC_006614.4	15200373	15200608	TCATTGTTCGCTAAAC-1	2
NC_006614.4	15200376	15200634	CTTTGTCCACCTGGTG-1	1
NC_006614.4	15200376	15200659	TTGTCAAAGTGAGCGG-1	2
NC_006614.4	15200376	15200992	AGCTTCCTCCTAAATG-1	1
NC_006614.4	15200378	15200577	ACACTAGGTTTCCTCC-1	1
NC_006614.4	15200381	15200633	AGCAACAAGCTGCACA-1	1
NC_006614.4	15200437	15200587	TGACTCCTCCTGAATA-1	1
NC_006614.4	15200443	15200508	CATGCGCAGTAACCCG-1	2
NC_006614.4	15200478	15200652	AGGTGAGGTGTTTGTC-1	2
NC_006614.4	15200513	15200866	GGAAGCTAGGTCCTAG-1	1
NC_006614.4	15200537	15200792	GCTAATATCGGCCAGT-1	2
NC_006614.4	15200560	15200595	CAACTAGGTTGGTTGA-1	2
NC_006614.4	15200570	15200659	TGAACAGAGGGCTAAA-1	1
NC_006614.4	15200577	15200640	CACGCAATCTCCTCTT-1	1
NC_006614.4	15200577	15200724	CAGGGTGAGTGCACGC-1	1
NC_006614.4	15200588	15201097	CGGACCTAGTCTGGGC-1	1
NC_006614.4	15200593	15200659	CCCATAACAGAAATTG-1	2
NC_006614.4	15200593	15201046	CCAACATAGCCGGTAC-1	1
NC_006614.4	15200600	15200659	CTTGTCCAGCGAGGTG-1	1
NC_006614.4	15200615	15200680	TGCTTCCAGCGATACT-1	2
NC_006614.4	15200617	15200837	CGTTAAATCCCGAACA-1	1
NC_006614.4	15200625	15200685	GGTAACTTCAATGACC-1	1
NC_006614.4	15200628	15200695	TAATGGTGTTAGCCAA-1	1
NC_006614.4	15200628	15200826	AATCCGTAGTCAGTAC-1	1
NC_006614.4	15200633	15200791	TTGTTGTTCCGCTAGA-1	1
NC_006614.4	15200637	15200804	GAGTTTGGTAATCGCA-1	1
NC_006614.4	15200646	15200861	GTTCATTTCTTAATGG-1	2
NC_006614.4	15200659	15200905	AGCACTTAGAGAGGAG-1	4
NC_006614.4	15200680	15200866	ATATAGGCACCTGTAA-1	1
NC_006614.4	15200695	15200905	GGGTGTTGTAGACAAA-1	1
NC_006614.4	15200775	15200996	TCATTTGGTTCCGGGA-1	1
NC_006614.4	15200784	15200811	TTTGTCTAGCTATATG-1	1
NC_006614.4	15200802	15201139	CCGCTAGCAAAGCGCA-1	1
NC_006614.4	15200812	15200871	GCTGACCAGGTCGATT-1	1
NC_006614.4	15200812	15200990	CTTCAATTCCTAAGAC-1	4
NC_006614.4	15200817	15201014	CAAGGTAAGGTCCACA-1	1
NC_006614.4	15200833	15200884	CCCAACCGTCCGCTGT-1	2
NC_006614.4	15200833	15201111	AACGGTAAGTCATGCG-1	1
NC_006614.4	15200834	15200905	GCTGATCCATGCATAT-1	1
NC_006614.4	15200839	15200911	TAGGCTGTCGCTCACT-1	1
NC_006614.4	15200842	15201688	TGACTTCGTGTCCAAA-1	1
NC_006614.4	15200844	15200906	TAGCCTGAGGCGTAAA-1	1
NC_006614.4	15200871	15201014	GGTCCGTAGTTGCGTG-1	1
NC_006614.4	15200871	15201014	TCATAACCACAAAGGT-1	1
NC_006614.4	15200896	15200963	TTTCTTGCAGTTATGT-1	2
NC_006614.4	15200902	15201043	TCATGCCTCGCCTAAG-1	1
NC_006614.4	15200983	15201019	CTAAGTCAGTACCGCA-1	1
NC_006614.4	15200984	15201139	ATTTGCAAGAAAGGAA-1	1
NC_006614.4	15201014	15201129	GTTTGTCGTAATCGCA-1	3
NC_006614.4	15201046	15201248	GTCAATATCGATTTGA-1	3
NC_006614.4	15201054	15201082	GAGGTACAGGTTACGT-1	2
