genes	tissue	state	ros_start	ros_end
ANO2/NTF3	CL	9	39683191	39683591
ANO2/NTF3	CL	9	39684391	39684991
ANO2/NTF3	CL	9	39699770	39700370
ANO2/NTF3	CL	9	39710968	39711615
ANO2/NTF3	CL	9	39711615	39712765
ANO2/NTF3	CL	9	39714371	39714971
ANO2/NTF3	CL	9	39718765	39719365
ANO2/NTF3	CL	9	39723365	39723765
ANO2/NTF3	CL	12	39726175	39727375
ANO2/NTF3	CL	9	39735396	39735996
ANO2/NTF3	CL	9	39737393	39737993
NPNT/TBCK	CL	12	27014119	27014211
NPNT/TBCK	CL	12	27014211	27014443
NPNT/TBCK	CL	12	27014443	27014981
NPNT/TBCK	CL	12	27014982	27015515
NPNT/TBCK	CL	7	27028699	27029899
NPNT/TBCK	CL	9	27039295	27039695
NPNT/TBCK	CL	12	27046687	27047087
LOC119876429/LOC119872513	CL	5	17231340	17232140
LOC119876429/LOC119872513	CL	7	17232140	17232940
LOC119876429/LOC119872513	CL	5	17232940	17234540
LOC119876429/LOC119872513	CL	6	17234540	17234689
LOC119876429/LOC119872513	CL	12	17265895	17267295
ANO2/NTF3	CO	12	39712365	39712823
ANO2/NTF3	CO	12	39712825	39712842
ANO2/NTF3	CO	12	39712842	39712963
LOC119876429/LOC119872513	CO	7	17261528	17261728
LOC119876429/LOC119872513	CO	5	17261728	17262128
ANO2/NTF3	CR	7	39700770	39701370
ANO2/NTF3	CR	9	39703568	39703968
ANO2/NTF3	CR	12	39726975	39727975
ANO2/NTF3	CR	12	39731975	39732575
NPNT/TBCK	CR	9	27043895	27044495
ANO2/NTF3	KI	6	39691790	39692439
ANO2/NTF3	KI	6	39692439	39692773
ANO2/NTF3	KI	9	39702968	39703768
ANO2/NTF3	KI	9	39711568	39711615
ANO2/NTF3	KI	9	39711615	39712365
ANO2/NTF3	KI	9	39722365	39722765
ANO2/NTF3	KI	9	39728175	39728975
ANO2/NTF3	KI	9	39730575	39731375
ANO2/NTF3	KI	9	39738795	39739195
NPNT/TBCK	KI	12	27014119	27014211
NPNT/TBCK	KI	12	27014211	27014443
NPNT/TBCK	KI	12	27014443	27014914
NPNT/TBCK	KI	6	27024297	27025697
NPNT/TBCK	KI	5	27028699	27029499
NPNT/TBCK	KI	6	27029499	27029699
NPNT/TBCK	KI	5	27031299	27031899
NPNT/TBCK	KI	6	27031899	27032699
NPNT/TBCK	KI	6	27035099	27035699
NPNT/TBCK	KI	7	27035899	27036499
NPNT/TBCK	KI	6	27044495	27044895
NPNT/TBCK	KI	6	27046287	27046687
NPNT/TBCK	KI	6	27049687	27050287
NPNT/TBCK	KI	6	27053077	27053677
NPNT/TBCK	KI	6	27056073	27056473
NPNT/TBCK	KI	5	27057273	27057873
NPNT/TBCK	KI	6	27057873	27058073
NPNT/TBCK	KI	7	27058673	27059073
NPNT/TBCK	KI	6	27060673	27061273
LOC119876429/LOC119872513	KI	12	17224139	17224718
LOC119876429/LOC119872513	KI	12	17224719	17224740
LOC119876429/LOC119872513	KI	12	17249540	17249940
LOC119876429/LOC119872513	KI	12	17266095	17266695
LOC119876429/LOC119872513	KI	9	17270295	17270895
LOC119876429/LOC119872513	KI	9	17272511	17272911
ANO2/NTF3	LI	9	39688590	39688990
NPNT/TBCK	LI	7	27025897	27026697
NPNT/TBCK	LI	6	27026697	27027097
NPNT/TBCK	LI	6	27028899	27029499
ANO2/NTF3	LU	7	39689390	39689790
ANO2/NTF3	LU	9	39705376	39705776
ANO2/NTF3	LU	7	39722565	39723365
ANO2/NTF3	LU	7	39727975	39728775
NPNT/TBCK	LU	12	27014315	27014443
NPNT/TBCK	LU	12	27014443	27014714
NPNT/TBCK	LU	6	27028699	27028899
NPNT/TBCK	LU	5	27028899	27029299
NPNT/TBCK	LU	6	27029299	27029899
NPNT/TBCK	LU	6	27031499	27031899
NPNT/TBCK	LU	6	27037499	27038099
NPNT/TBCK	LU	6	27059473	27059873
NPNT/TBCK	LU	6	27061273	27061673
LOC119876429/LOC119872513	LU	12	17256739	17257139
ANO2/NTF3	MG	6	39677324	39677360
ANO2/NTF3	MG	12	39677560	39677960
ANO2/NTF3	MG	11	39677960	39678160
ANO2/NTF3	MG	6	39678160	39678560
ANO2/NTF3	MG	11	39684591	39684991
ANO2/NTF3	MG	6	39684991	39685191
ANO2/NTF3	MG	9	39688590	39689190
ANO2/NTF3	MG	7	39692973	39693373
ANO2/NTF3	MG	6	39699770	39700170
ANO2/NTF3	MG	3	39717768	39717968
ANO2/NTF3	MG	4	39717968	39718021
ANO2/NTF3	MG	4	39718021	39718365
ANO2/NTF3	MG	2	39722165	39722565
ANO2/NTF3	MG	9	39722565	39723165
ANO2/NTF3	MG	7	39728975	39729575
ANO2/NTF3	MG	9	39735596	39735996
ANO2/NTF3	MG	5	39736993	39737593
ANO2/NTF3	MG	8	39737593	39737993
NPNT/TBCK	MG	11	27015115	27015715
NPNT/TBCK	MG	6	27015715	27015915
NPNT/TBCK	MG	1	27022094	27022195
NPNT/TBCK	MG	1	27022198	27022497
NPNT/TBCK	MG	2	27022497	27022697
NPNT/TBCK	MG	6	27026097	27027097
NPNT/TBCK	MG	6	27029499	27030499
NPNT/TBCK	MG	5	27030499	27030899
NPNT/TBCK	MG	7	27046287	27046687
NPNT/TBCK	MG	8	27064673	27064750
NPNT/TBCK	MG	8	27064754	27065077
LOC119876429/LOC119872513	MG	2	17217937	17218337
LOC119876429/LOC119872513	MG	6	17220934	17221534
LOC119876429/LOC119872513	MG	6	17233740	17234540
LOC119876429/LOC119872513	MG	10	17264304	17264704
LOC119876429/LOC119872513	MG	12	17264704	17264947
LOC119876429/LOC119872513	MG	12	17264947	17265100
ANO2/NTF3	OV	6	39688590	39689990
ANO2/NTF3	OV	5	39689990	39690390
ANO2/NTF3	OV	6	39690390	39691390
ANO2/NTF3	OV	5	39691990	39692390
ANO2/NTF3	OV	6	39692973	39693373
NPNT/TBCK	OV	1	27060873	27061273
NPNT/TBCK	OV	3	27068477	27068877
ANO2/NTF3	PA	12	39711965	39712765
ANO2/NTF3	PA	12	39718165	39718565
ANO2/NTF3	PA	9	39723365	39723965
LOC119876429/LOC119872513	PA	9	17220934	17221334
LOC119876429/LOC119872513	PA	9	17274309	17274511
NPNT/TBCK	SP	6	27028699	27028899
NPNT/TBCK	SP	5	27028899	27029299
NPNT/TBCK	SP	6	27029299	27029499
LOC119876429/LOC119872513	SP	7	17221134	17221534
ANO2/NTF3	ST	7	39688590	39688990
ANO2/NTF3	ST	11	39696786	39697186
ANO2/NTF3	ST	12	39717768	39718021
ANO2/NTF3	ST	12	39718021	39718365
ANO2/NTF3	ST	12	39718765	39719165
ANO2/NTF3	ST	12	39722965	39723365
NPNT/TBCK	ST	12	27030299	27030699
NPNT/TBCK	ST	7	27034499	27034899
NPNT/TBCK	ST	12	27055077	27055167
NPNT/TBCK	ST	12	27055167	27055473
NPNT/TBCK	ST	6	27068277	27068677
LOC119876429/LOC119872513	ST	12	17252539	17252739
LOC119876429/LOC119872513	ST	2	17255139	17255539
