gene_set	genes	metric	reprocessed_sample	published_sample	correlation
all_exact	11976	spearman_abundance	B_B7H3_CAR_T	B_B7H3_CAR_T	0.9436888223444306
all_exact	11976	spearman_abundance	B_B7H3_CAR_T	B_BC_CAR_T	0.9277958535528241
all_exact	11976	spearman_abundance	B_B7H3_CAR_T	B_T_cell	0.9160944447281972
all_exact	11976	spearman_abundance	B_B7H3_CAR_T	E_B7H3_CAR_T	0.9231362112031682
all_exact	11976	spearman_abundance	B_B7H3_CAR_T	E_BC_CAR_T	0.9329644615459106
all_exact	11976	spearman_abundance	B_B7H3_CAR_T	E_T_cell	0.9096646260011991
all_exact	11976	spearman_abundance	B_B7H3_CAR_T	M_B7H3_CAR_T	0.8963774927124021
all_exact	11976	spearman_abundance	B_B7H3_CAR_T	M_BC_CAR_T	0.9008569258070964
all_exact	11976	spearman_abundance	B_B7H3_CAR_T	M_T_cell	0.9032072810483235
all_exact	11976	spearman_abundance	B_BC_CAR_T	B_B7H3_CAR_T	0.9208188645411112
all_exact	11976	spearman_abundance	B_BC_CAR_T	B_BC_CAR_T	0.9378817694932209
all_exact	11976	spearman_abundance	B_BC_CAR_T	B_T_cell	0.9257441399983652
all_exact	11976	spearman_abundance	B_BC_CAR_T	E_B7H3_CAR_T	0.9274019539969197
all_exact	11976	spearman_abundance	B_BC_CAR_T	E_BC_CAR_T	0.918918150663103
all_exact	11976	spearman_abundance	B_BC_CAR_T	E_T_cell	0.9199047411326713
all_exact	11976	spearman_abundance	B_BC_CAR_T	M_B7H3_CAR_T	0.8933789086474866
all_exact	11976	spearman_abundance	B_BC_CAR_T	M_BC_CAR_T	0.8802576156272083
all_exact	11976	spearman_abundance	B_BC_CAR_T	M_T_cell	0.9063906849339879
all_exact	11976	spearman_abundance	B_T_cell	B_B7H3_CAR_T	0.9069883826204769
all_exact	11976	spearman_abundance	B_T_cell	B_BC_CAR_T	0.9236114504424262
all_exact	11976	spearman_abundance	B_T_cell	B_T_cell	0.9357611760688116
all_exact	11976	spearman_abundance	B_T_cell	E_B7H3_CAR_T	0.9198088014802043
all_exact	11976	spearman_abundance	B_T_cell	E_BC_CAR_T	0.9041251550674761
all_exact	11976	spearman_abundance	B_T_cell	E_T_cell	0.9238097305005475
all_exact	11976	spearman_abundance	B_T_cell	M_B7H3_CAR_T	0.8901662436276353
all_exact	11976	spearman_abundance	B_T_cell	M_BC_CAR_T	0.8733070821850563
all_exact	11976	spearman_abundance	B_T_cell	M_T_cell	0.9108352139249418
all_exact	11976	spearman_abundance	E_B7H3_CAR_T	B_B7H3_CAR_T	0.9157806990601816
all_exact	11976	spearman_abundance	E_B7H3_CAR_T	B_BC_CAR_T	0.9272685362481742
all_exact	11976	spearman_abundance	E_B7H3_CAR_T	B_T_cell	0.9219383551854026
all_exact	11976	spearman_abundance	E_B7H3_CAR_T	E_B7H3_CAR_T	0.9366862506540576
all_exact	11976	spearman_abundance	E_B7H3_CAR_T	E_BC_CAR_T	0.9234116224407556
all_exact	11976	spearman_abundance	E_B7H3_CAR_T	E_T_cell	0.9278808436249355
all_exact	11976	spearman_abundance	E_B7H3_CAR_T	M_B7H3_CAR_T	0.8896462872410779
all_exact	11976	spearman_abundance	E_B7H3_CAR_T	M_BC_CAR_T	0.8785432796873895
all_exact	11976	spearman_abundance	E_B7H3_CAR_T	M_T_cell	0.9049185953587315
all_exact	11976	spearman_abundance	E_BC_CAR_T	B_B7H3_CAR_T	0.9315785956091471
all_exact	11976	spearman_abundance	E_BC_CAR_T	B_BC_CAR_T	0.9248470790077293
all_exact	11976	spearman_abundance	E_BC_CAR_T	B_T_cell	0.9123935920359376
all_exact	11976	spearman_abundance	E_BC_CAR_T	E_B7H3_CAR_T	0.9295966142620674
all_exact	11976	spearman_abundance	E_BC_CAR_T	E_BC_CAR_T	0.9416647844402978
all_exact	11976	spearman_abundance	E_BC_CAR_T	E_T_cell	0.914674779204062
all_exact	11976	spearman_abundance	E_BC_CAR_T	M_B7H3_CAR_T	0.8962976619585423
all_exact	11976	spearman_abundance	E_BC_CAR_T	M_BC_CAR_T	0.9008037589256433
all_exact	11976	spearman_abundance	E_BC_CAR_T	M_T_cell	0.9012748794895964
all_exact	11976	spearman_abundance	E_T_cell	B_B7H3_CAR_T	0.8996321409046178
all_exact	11976	spearman_abundance	E_T_cell	B_BC_CAR_T	0.916844453621815
all_exact	11976	spearman_abundance	E_T_cell	B_T_cell	0.9226672754757259
all_exact	11976	spearman_abundance	E_T_cell	E_B7H3_CAR_T	0.9245106880576928
all_exact	11976	spearman_abundance	E_T_cell	E_BC_CAR_T	0.9055580479545857
all_exact	11976	spearman_abundance	E_T_cell	E_T_cell	0.9336296889526178
all_exact	11976	spearman_abundance	E_T_cell	M_B7H3_CAR_T	0.8784172994428545
all_exact	11976	spearman_abundance	E_T_cell	M_BC_CAR_T	0.8647862508261576
all_exact	11976	spearman_abundance	E_T_cell	M_T_cell	0.9010654555688774
all_exact	11976	spearman_abundance	M_B7H3_CAR_T	B_B7H3_CAR_T	0.89802995150045
all_exact	11976	spearman_abundance	M_B7H3_CAR_T	B_BC_CAR_T	0.9026916014827533
all_exact	11976	spearman_abundance	M_B7H3_CAR_T	B_T_cell	0.9015755346216767
all_exact	11976	spearman_abundance	M_B7H3_CAR_T	E_B7H3_CAR_T	0.899320733493344
all_exact	11976	spearman_abundance	M_B7H3_CAR_T	E_BC_CAR_T	0.8993709265338948
all_exact	11976	spearman_abundance	M_B7H3_CAR_T	E_T_cell	0.8907743709468959
all_exact	11976	spearman_abundance	M_B7H3_CAR_T	M_B7H3_CAR_T	0.9354644334556212
all_exact	11976	spearman_abundance	M_B7H3_CAR_T	M_BC_CAR_T	0.9181890440316978
all_exact	11976	spearman_abundance	M_B7H3_CAR_T	M_T_cell	0.9217706175008095
all_exact	11976	spearman_abundance	M_BC_CAR_T	B_B7H3_CAR_T	0.9058705793331006
all_exact	11976	spearman_abundance	M_BC_CAR_T	B_BC_CAR_T	0.8928383781872895
all_exact	11976	spearman_abundance	M_BC_CAR_T	B_T_cell	0.8879844644746422
all_exact	11976	spearman_abundance	M_BC_CAR_T	E_B7H3_CAR_T	0.8913109873247421
all_exact	11976	spearman_abundance	M_BC_CAR_T	E_BC_CAR_T	0.9074299082210845
all_exact	11976	spearman_abundance	M_BC_CAR_T	E_T_cell	0.8800698581697922
all_exact	11976	spearman_abundance	M_BC_CAR_T	M_B7H3_CAR_T	0.922409574625778
all_exact	11976	spearman_abundance	M_BC_CAR_T	M_BC_CAR_T	0.9363425460865694
all_exact	11976	spearman_abundance	M_BC_CAR_T	M_T_cell	0.9046873145409625
all_exact	11976	spearman_abundance	M_T_cell	B_B7H3_CAR_T	0.900169731125891
all_exact	11976	spearman_abundance	M_T_cell	B_BC_CAR_T	0.910241304889887
all_exact	11976	spearman_abundance	M_T_cell	B_T_cell	0.9168818523355521
all_exact	11976	spearman_abundance	M_T_cell	E_B7H3_CAR_T	0.9086310145933428
all_exact	11976	spearman_abundance	M_T_cell	E_BC_CAR_T	0.8989088108358163
all_exact	11976	spearman_abundance	M_T_cell	E_T_cell	0.9078019761551519
all_exact	11976	spearman_abundance	M_T_cell	M_B7H3_CAR_T	0.9161832032676985
all_exact	11976	spearman_abundance	M_T_cell	M_BC_CAR_T	0.8953289968523908
all_exact	11976	spearman_abundance	M_T_cell	M_T_cell	0.9346843450525719
all_exact	11976	pearson_gene_centered_log2_CPM_plus1	B_B7H3_CAR_T	B_B7H3_CAR_T	0.9011841577465871
all_exact	11976	pearson_gene_centered_log2_CPM_plus1	B_B7H3_CAR_T	B_BC_CAR_T	0.23300836630966681
all_exact	11976	pearson_gene_centered_log2_CPM_plus1	B_B7H3_CAR_T	B_T_cell	-0.2277399904189956
all_exact	11976	pearson_gene_centered_log2_CPM_plus1	B_B7H3_CAR_T	E_B7H3_CAR_T	0.03247012711073627
all_exact	11976	pearson_gene_centered_log2_CPM_plus1	B_B7H3_CAR_T	E_BC_CAR_T	0.5391842019926503
all_exact	11976	pearson_gene_centered_log2_CPM_plus1	B_B7H3_CAR_T	E_T_cell	-0.2823037257392225
all_exact	11976	pearson_gene_centered_log2_CPM_plus1	B_B7H3_CAR_T	M_B7H3_CAR_T	-0.42801659440669815
all_exact	11976	pearson_gene_centered_log2_CPM_plus1	B_B7H3_CAR_T	M_BC_CAR_T	-0.06756415687475481
all_exact	11976	pearson_gene_centered_log2_CPM_plus1	B_B7H3_CAR_T	M_T_cell	-0.508267369738388
all_exact	11976	pearson_gene_centered_log2_CPM_plus1	B_BC_CAR_T	B_B7H3_CAR_T	0.2332838953878855
all_exact	11976	pearson_gene_centered_log2_CPM_plus1	B_BC_CAR_T	B_BC_CAR_T	0.9005113984460222
all_exact	11976	pearson_gene_centered_log2_CPM_plus1	B_BC_CAR_T	B_T_cell	0.27773629919601744
all_exact	11976	pearson_gene_centered_log2_CPM_plus1	B_BC_CAR_T	E_B7H3_CAR_T	0.36442432705120686
all_exact	11976	pearson_gene_centered_log2_CPM_plus1	B_BC_CAR_T	E_BC_CAR_T	0.08574158391558752
all_exact	11976	pearson_gene_centered_log2_CPM_plus1	B_BC_CAR_T	E_T_cell	0.170632350747783
all_exact	11976	pearson_gene_centered_log2_CPM_plus1	B_BC_CAR_T	M_B7H3_CAR_T	-0.4841227978683842
all_exact	11976	pearson_gene_centered_log2_CPM_plus1	B_BC_CAR_T	M_BC_CAR_T	-0.5936875552148471
all_exact	11976	pearson_gene_centered_log2_CPM_plus1	B_BC_CAR_T	M_T_cell	-0.3697032321299136
all_exact	11976	pearson_gene_centered_log2_CPM_plus1	B_T_cell	B_B7H3_CAR_T	-0.22533070705681787
all_exact	11976	pearson_gene_centered_log2_CPM_plus1	B_T_cell	B_BC_CAR_T	0.27779827455840533
all_exact	11976	pearson_gene_centered_log2_CPM_plus1	B_T_cell	B_T_cell	0.9171086271159097
all_exact	11976	pearson_gene_centered_log2_CPM_plus1	B_T_cell	E_B7H3_CAR_T	0.11007702100851909
all_exact	11976	pearson_gene_centered_log2_CPM_plus1	B_T_cell	E_BC_CAR_T	-0.4314957456375601
all_exact	11976	pearson_gene_centered_log2_CPM_plus1	B_T_cell	E_T_cell	0.49113987569665724
all_exact	11976	pearson_gene_centered_log2_CPM_plus1	B_T_cell	M_B7H3_CAR_T	-0.329853289232047
all_exact	11976	pearson_gene_centered_log2_CPM_plus1	B_T_cell	M_BC_CAR_T	-0.5499306436516048
all_exact	11976	pearson_gene_centered_log2_CPM_plus1	B_T_cell	M_T_cell	0.10492787887516015
all_exact	11976	pearson_gene_centered_log2_CPM_plus1	E_B7H3_CAR_T	B_B7H3_CAR_T	0.025036702498427384
all_exact	11976	pearson_gene_centered_log2_CPM_plus1	E_B7H3_CAR_T	B_BC_CAR_T	0.35883042014410405
all_exact	11976	pearson_gene_centered_log2_CPM_plus1	E_B7H3_CAR_T	B_T_cell	0.11650281923688993
all_exact	11976	pearson_gene_centered_log2_CPM_plus1	E_B7H3_CAR_T	E_B7H3_CAR_T	0.9051504798876906
all_exact	11976	pearson_gene_centered_log2_CPM_plus1	E_B7H3_CAR_T	E_BC_CAR_T	0.35026543182914366
all_exact	11976	pearson_gene_centered_log2_CPM_plus1	E_B7H3_CAR_T	E_T_cell	0.5555296227895684
all_exact	11976	pearson_gene_centered_log2_CPM_plus1	E_B7H3_CAR_T	M_B7H3_CAR_T	-0.6201459026537156
all_exact	11976	pearson_gene_centered_log2_CPM_plus1	E_B7H3_CAR_T	M_BC_CAR_T	-0.6526711030190168
all_exact	11976	pearson_gene_centered_log2_CPM_plus1	E_B7H3_CAR_T	M_T_cell	-0.4233716816799476
all_exact	11976	pearson_gene_centered_log2_CPM_plus1	E_BC_CAR_T	B_B7H3_CAR_T	0.5317198189409489
all_exact	11976	pearson_gene_centered_log2_CPM_plus1	E_BC_CAR_T	B_BC_CAR_T	0.08686646809295008
all_exact	11976	pearson_gene_centered_log2_CPM_plus1	E_BC_CAR_T	B_T_cell	-0.41884688136807763
all_exact	11976	pearson_gene_centered_log2_CPM_plus1	E_BC_CAR_T	E_B7H3_CAR_T	0.35718227862642876
all_exact	11976	pearson_gene_centered_log2_CPM_plus1	E_BC_CAR_T	E_BC_CAR_T	0.9330756925862695
all_exact	11976	pearson_gene_centered_log2_CPM_plus1	E_BC_CAR_T	E_T_cell	-0.11382695446248174
all_exact	11976	pearson_gene_centered_log2_CPM_plus1	E_BC_CAR_T	M_B7H3_CAR_T	-0.45388216261514486
all_exact	11976	pearson_gene_centered_log2_CPM_plus1	E_BC_CAR_T	M_BC_CAR_T	-0.06401783656052112
all_exact	11976	pearson_gene_centered_log2_CPM_plus1	E_BC_CAR_T	M_T_cell	-0.6226421692804492
all_exact	11976	pearson_gene_centered_log2_CPM_plus1	E_T_cell	B_B7H3_CAR_T	-0.28749946293088374
all_exact	11976	pearson_gene_centered_log2_CPM_plus1	E_T_cell	B_BC_CAR_T	0.16458832581371738
all_exact	11976	pearson_gene_centered_log2_CPM_plus1	E_T_cell	B_T_cell	0.4884688818318456
all_exact	11976	pearson_gene_centered_log2_CPM_plus1	E_T_cell	E_B7H3_CAR_T	0.5330627203571527
all_exact	11976	pearson_gene_centered_log2_CPM_plus1	E_T_cell	E_BC_CAR_T	-0.12537470548008933
all_exact	11976	pearson_gene_centered_log2_CPM_plus1	E_T_cell	E_T_cell	0.9151340999414814
all_exact	11976	pearson_gene_centered_log2_CPM_plus1	E_T_cell	M_B7H3_CAR_T	-0.5172705689283862
all_exact	11976	pearson_gene_centered_log2_CPM_plus1	E_T_cell	M_BC_CAR_T	-0.6068463999977425
all_exact	11976	pearson_gene_centered_log2_CPM_plus1	E_T_cell	M_T_cell	-0.11515619169589413
all_exact	11976	pearson_gene_centered_log2_CPM_plus1	M_B7H3_CAR_T	B_B7H3_CAR_T	-0.41756525744565376
all_exact	11976	pearson_gene_centered_log2_CPM_plus1	M_B7H3_CAR_T	B_BC_CAR_T	-0.4701566684462923
all_exact	11976	pearson_gene_centered_log2_CPM_plus1	M_B7H3_CAR_T	B_T_cell	-0.3266499781958552
all_exact	11976	pearson_gene_centered_log2_CPM_plus1	M_B7H3_CAR_T	E_B7H3_CAR_T	-0.5976242739357669
all_exact	11976	pearson_gene_centered_log2_CPM_plus1	M_B7H3_CAR_T	E_BC_CAR_T	-0.4389477485529861
all_exact	11976	pearson_gene_centered_log2_CPM_plus1	M_B7H3_CAR_T	E_T_cell	-0.5138545319127978
all_exact	11976	pearson_gene_centered_log2_CPM_plus1	M_B7H3_CAR_T	M_B7H3_CAR_T	0.9484263063458599
all_exact	11976	pearson_gene_centered_log2_CPM_plus1	M_B7H3_CAR_T	M_BC_CAR_T	0.6490990006962052
all_exact	11976	pearson_gene_centered_log2_CPM_plus1	M_B7H3_CAR_T	M_T_cell	0.5012162525818011
all_exact	11976	pearson_gene_centered_log2_CPM_plus1	M_BC_CAR_T	B_B7H3_CAR_T	-0.0730932112878503
all_exact	11976	pearson_gene_centered_log2_CPM_plus1	M_BC_CAR_T	B_BC_CAR_T	-0.577088615850344
all_exact	11976	pearson_gene_centered_log2_CPM_plus1	M_BC_CAR_T	B_T_cell	-0.5327821072186105
all_exact	11976	pearson_gene_centered_log2_CPM_plus1	M_BC_CAR_T	E_B7H3_CAR_T	-0.634093792042774
all_exact	11976	pearson_gene_centered_log2_CPM_plus1	M_BC_CAR_T	E_BC_CAR_T	-0.05734256295107537
all_exact	11976	pearson_gene_centered_log2_CPM_plus1	M_BC_CAR_T	E_T_cell	-0.6055103731985847
all_exact	11976	pearson_gene_centered_log2_CPM_plus1	M_BC_CAR_T	M_B7H3_CAR_T	0.6534420132176368
all_exact	11976	pearson_gene_centered_log2_CPM_plus1	M_BC_CAR_T	M_BC_CAR_T	0.9548072041941938
all_exact	11976	pearson_gene_centered_log2_CPM_plus1	M_BC_CAR_T	M_T_cell	0.1438999466119429
all_exact	11976	pearson_gene_centered_log2_CPM_plus1	M_T_cell	B_B7H3_CAR_T	-0.49246739443593157
all_exact	11976	pearson_gene_centered_log2_CPM_plus1	M_T_cell	B_BC_CAR_T	-0.3660432789298936
all_exact	11976	pearson_gene_centered_log2_CPM_plus1	M_T_cell	B_T_cell	0.09756863917516694
all_exact	11976	pearson_gene_centered_log2_CPM_plus1	M_T_cell	E_B7H3_CAR_T	-0.4289021323209541
all_exact	11976	pearson_gene_centered_log2_CPM_plus1	M_T_cell	E_BC_CAR_T	-0.6236711764921576
all_exact	11976	pearson_gene_centered_log2_CPM_plus1	M_T_cell	E_T_cell	-0.12677117779538108
all_exact	11976	pearson_gene_centered_log2_CPM_plus1	M_T_cell	M_B7H3_CAR_T	0.5146145511102088
all_exact	11976	pearson_gene_centered_log2_CPM_plus1	M_T_cell	M_BC_CAR_T	0.14660943813246421
all_exact	11976	pearson_gene_centered_log2_CPM_plus1	M_T_cell	M_T_cell	0.9280818883240423
CPM1_both_at_least3_samples	9690	spearman_abundance	B_B7H3_CAR_T	B_B7H3_CAR_T	0.9268311927880895
CPM1_both_at_least3_samples	9690	spearman_abundance	B_B7H3_CAR_T	B_BC_CAR_T	0.903393684892083
CPM1_both_at_least3_samples	9690	spearman_abundance	B_B7H3_CAR_T	B_T_cell	0.8851120588027919
CPM1_both_at_least3_samples	9690	spearman_abundance	B_B7H3_CAR_T	E_B7H3_CAR_T	0.8957371223782937
CPM1_both_at_least3_samples	9690	spearman_abundance	B_B7H3_CAR_T	E_BC_CAR_T	0.912258608902791
CPM1_both_at_least3_samples	9690	spearman_abundance	B_B7H3_CAR_T	E_T_cell	0.8755473698775411
CPM1_both_at_least3_samples	9690	spearman_abundance	B_B7H3_CAR_T	M_B7H3_CAR_T	0.8532863914183662
CPM1_both_at_least3_samples	9690	spearman_abundance	B_B7H3_CAR_T	M_BC_CAR_T	0.8611403907588164
CPM1_both_at_least3_samples	9690	spearman_abundance	B_B7H3_CAR_T	M_T_cell	0.8645855883197998
CPM1_both_at_least3_samples	9690	spearman_abundance	B_BC_CAR_T	B_B7H3_CAR_T	0.8908954533493421
CPM1_both_at_least3_samples	9690	spearman_abundance	B_BC_CAR_T	B_BC_CAR_T	0.9164718475981712
CPM1_both_at_least3_samples	9690	spearman_abundance	B_BC_CAR_T	B_T_cell	0.9006558189654139
CPM1_both_at_least3_samples	9690	spearman_abundance	B_BC_CAR_T	E_B7H3_CAR_T	0.9025135483078394
CPM1_both_at_least3_samples	9690	spearman_abundance	B_BC_CAR_T	E_BC_CAR_T	0.8865824468826061
CPM1_both_at_least3_samples	9690	spearman_abundance	B_BC_CAR_T	E_T_cell	0.891958073956425
CPM1_both_at_least3_samples	9690	spearman_abundance	B_BC_CAR_T	M_B7H3_CAR_T	0.8464859827681218
CPM1_both_at_least3_samples	9690	spearman_abundance	B_BC_CAR_T	M_BC_CAR_T	0.823592690512689
CPM1_both_at_least3_samples	9690	spearman_abundance	B_BC_CAR_T	M_T_cell	0.8694134349151371
CPM1_both_at_least3_samples	9690	spearman_abundance	B_T_cell	B_B7H3_CAR_T	0.8690553891614959
CPM1_both_at_least3_samples	9690	spearman_abundance	B_T_cell	B_BC_CAR_T	0.8967196693599838
CPM1_both_at_least3_samples	9690	spearman_abundance	B_T_cell	B_T_cell	0.9122010884664907
CPM1_both_at_least3_samples	9690	spearman_abundance	B_T_cell	E_B7H3_CAR_T	0.8914721552490134
CPM1_both_at_least3_samples	9690	spearman_abundance	B_T_cell	E_BC_CAR_T	0.8644183036657858
CPM1_both_at_least3_samples	9690	spearman_abundance	B_T_cell	E_T_cell	0.8967211373004621
CPM1_both_at_least3_samples	9690	spearman_abundance	B_T_cell	M_B7H3_CAR_T	0.8409198254345318
CPM1_both_at_least3_samples	9690	spearman_abundance	B_T_cell	M_BC_CAR_T	0.8120377569761161
CPM1_both_at_least3_samples	9690	spearman_abundance	B_T_cell	M_T_cell	0.8750363254555703
CPM1_both_at_least3_samples	9690	spearman_abundance	E_B7H3_CAR_T	B_B7H3_CAR_T	0.8834030527194667
CPM1_both_at_least3_samples	9690	spearman_abundance	E_B7H3_CAR_T	B_BC_CAR_T	0.902501147635915
CPM1_both_at_least3_samples	9690	spearman_abundance	E_B7H3_CAR_T	B_T_cell	0.8956845994089093
CPM1_both_at_least3_samples	9690	spearman_abundance	E_B7H3_CAR_T	E_B7H3_CAR_T	0.9145546611404952
CPM1_both_at_least3_samples	9690	spearman_abundance	E_B7H3_CAR_T	E_BC_CAR_T	0.8933899006432519
CPM1_both_at_least3_samples	9690	spearman_abundance	E_B7H3_CAR_T	E_T_cell	0.9039426738611347
CPM1_both_at_least3_samples	9690	spearman_abundance	E_B7H3_CAR_T	M_B7H3_CAR_T	0.8420094540619915
CPM1_both_at_least3_samples	9690	spearman_abundance	E_B7H3_CAR_T	M_BC_CAR_T	0.822448965004559
CPM1_both_at_least3_samples	9690	spearman_abundance	E_B7H3_CAR_T	M_T_cell	0.8686156187726551
CPM1_both_at_least3_samples	9690	spearman_abundance	E_BC_CAR_T	B_B7H3_CAR_T	0.9111873137961942
CPM1_both_at_least3_samples	9690	spearman_abundance	E_BC_CAR_T	B_BC_CAR_T	0.8984680206332766
CPM1_both_at_least3_samples	9690	spearman_abundance	E_BC_CAR_T	B_T_cell	0.8803231573363723
CPM1_both_at_least3_samples	9690	spearman_abundance	E_BC_CAR_T	E_B7H3_CAR_T	0.9051710814142432
CPM1_both_at_least3_samples	9690	spearman_abundance	E_BC_CAR_T	E_BC_CAR_T	0.9220451656649438
CPM1_both_at_least3_samples	9690	spearman_abundance	E_BC_CAR_T	E_T_cell	0.8831635223665111
CPM1_both_at_least3_samples	9690	spearman_abundance	E_BC_CAR_T	M_B7H3_CAR_T	0.8538847475540855
CPM1_both_at_least3_samples	9690	spearman_abundance	E_BC_CAR_T	M_BC_CAR_T	0.8612500592463627
CPM1_both_at_least3_samples	9690	spearman_abundance	E_BC_CAR_T	M_T_cell	0.8632382576324559
CPM1_both_at_least3_samples	9690	spearman_abundance	E_T_cell	B_B7H3_CAR_T	0.8580419909338233
CPM1_both_at_least3_samples	9690	spearman_abundance	E_T_cell	B_BC_CAR_T	0.8864222648436916
CPM1_both_at_least3_samples	9690	spearman_abundance	E_T_cell	B_T_cell	0.8949474878554634
CPM1_both_at_least3_samples	9690	spearman_abundance	E_T_cell	E_B7H3_CAR_T	0.8980727696307022
CPM1_both_at_least3_samples	9690	spearman_abundance	E_T_cell	E_BC_CAR_T	0.8663005295704431
CPM1_both_at_least3_samples	9690	spearman_abundance	E_T_cell	E_T_cell	0.9097056686492463
CPM1_both_at_least3_samples	9690	spearman_abundance	E_T_cell	M_B7H3_CAR_T	0.8236144467023488
CPM1_both_at_least3_samples	9690	spearman_abundance	E_T_cell	M_BC_CAR_T	0.8002250007958428
CPM1_both_at_least3_samples	9690	spearman_abundance	E_T_cell	M_T_cell	0.8607127059519061
CPM1_both_at_least3_samples	9690	spearman_abundance	M_B7H3_CAR_T	B_B7H3_CAR_T	0.854658008435309
CPM1_both_at_least3_samples	9690	spearman_abundance	M_B7H3_CAR_T	B_BC_CAR_T	0.8613583507108572
CPM1_both_at_least3_samples	9690	spearman_abundance	M_B7H3_CAR_T	B_T_cell	0.8596541939168697
CPM1_both_at_least3_samples	9690	spearman_abundance	M_B7H3_CAR_T	E_B7H3_CAR_T	0.8568458985273225
CPM1_both_at_least3_samples	9690	spearman_abundance	M_B7H3_CAR_T	E_BC_CAR_T	0.8563849771628955
CPM1_both_at_least3_samples	9690	spearman_abundance	M_B7H3_CAR_T	E_T_cell	0.8438069456611621
CPM1_both_at_least3_samples	9690	spearman_abundance	M_B7H3_CAR_T	M_B7H3_CAR_T	0.9109040619912886
CPM1_both_at_least3_samples	9690	spearman_abundance	M_B7H3_CAR_T	M_BC_CAR_T	0.8831802753979376
CPM1_both_at_least3_samples	9690	spearman_abundance	M_B7H3_CAR_T	M_T_cell	0.8913421541604721
CPM1_both_at_least3_samples	9690	spearman_abundance	M_BC_CAR_T	B_B7H3_CAR_T	0.8688250769065395
CPM1_both_at_least3_samples	9690	spearman_abundance	M_BC_CAR_T	B_BC_CAR_T	0.8448775396763691
CPM1_both_at_least3_samples	9690	spearman_abundance	M_BC_CAR_T	B_T_cell	0.8368342524463728
CPM1_both_at_least3_samples	9690	spearman_abundance	M_BC_CAR_T	E_B7H3_CAR_T	0.8434333942557258
CPM1_both_at_least3_samples	9690	spearman_abundance	M_BC_CAR_T	E_BC_CAR_T	0.8706381699494006
CPM1_both_at_least3_samples	9690	spearman_abundance	M_BC_CAR_T	E_T_cell	0.8260563905186651
CPM1_both_at_least3_samples	9690	spearman_abundance	M_BC_CAR_T	M_B7H3_CAR_T	0.8909797820915014
CPM1_both_at_least3_samples	9690	spearman_abundance	M_BC_CAR_T	M_BC_CAR_T	0.9132649112360717
CPM1_both_at_least3_samples	9690	spearman_abundance	M_BC_CAR_T	M_T_cell	0.8625526366644165
CPM1_both_at_least3_samples	9690	spearman_abundance	M_T_cell	B_B7H3_CAR_T	0.8576124967019291
CPM1_both_at_least3_samples	9690	spearman_abundance	M_T_cell	B_BC_CAR_T	0.8751606916917126
CPM1_both_at_least3_samples	9690	spearman_abundance	M_T_cell	B_T_cell	0.884774124345468
CPM1_both_at_least3_samples	9690	spearman_abundance	M_T_cell	E_B7H3_CAR_T	0.8737993137553955
CPM1_both_at_least3_samples	9690	spearman_abundance	M_T_cell	E_BC_CAR_T	0.8563237356490219
CPM1_both_at_least3_samples	9690	spearman_abundance	M_T_cell	E_T_cell	0.8715806360104258
CPM1_both_at_least3_samples	9690	spearman_abundance	M_T_cell	M_B7H3_CAR_T	0.8815776768563434
CPM1_both_at_least3_samples	9690	spearman_abundance	M_T_cell	M_BC_CAR_T	0.8459404279687642
CPM1_both_at_least3_samples	9690	spearman_abundance	M_T_cell	M_T_cell	0.9098647739852983
CPM1_both_at_least3_samples	9690	pearson_gene_centered_log2_CPM_plus1	B_B7H3_CAR_T	B_B7H3_CAR_T	0.92258500443077
CPM1_both_at_least3_samples	9690	pearson_gene_centered_log2_CPM_plus1	B_B7H3_CAR_T	B_BC_CAR_T	0.24373148676886897
CPM1_both_at_least3_samples	9690	pearson_gene_centered_log2_CPM_plus1	B_B7H3_CAR_T	B_T_cell	-0.2499080887207849
CPM1_both_at_least3_samples	9690	pearson_gene_centered_log2_CPM_plus1	B_B7H3_CAR_T	E_B7H3_CAR_T	0.03107673175583266
CPM1_both_at_least3_samples	9690	pearson_gene_centered_log2_CPM_plus1	B_B7H3_CAR_T	E_BC_CAR_T	0.5686050784216342
CPM1_both_at_least3_samples	9690	pearson_gene_centered_log2_CPM_plus1	B_B7H3_CAR_T	E_T_cell	-0.29410941793314616
CPM1_both_at_least3_samples	9690	pearson_gene_centered_log2_CPM_plus1	B_B7H3_CAR_T	M_B7H3_CAR_T	-0.4425171572728028
CPM1_both_at_least3_samples	9690	pearson_gene_centered_log2_CPM_plus1	B_B7H3_CAR_T	M_BC_CAR_T	-0.06237177527377862
CPM1_both_at_least3_samples	9690	pearson_gene_centered_log2_CPM_plus1	B_B7H3_CAR_T	M_T_cell	-0.5406258158770704
CPM1_both_at_least3_samples	9690	pearson_gene_centered_log2_CPM_plus1	B_BC_CAR_T	B_B7H3_CAR_T	0.243421047565103
CPM1_both_at_least3_samples	9690	pearson_gene_centered_log2_CPM_plus1	B_BC_CAR_T	B_BC_CAR_T	0.9316686208879389
CPM1_both_at_least3_samples	9690	pearson_gene_centered_log2_CPM_plus1	B_BC_CAR_T	B_T_cell	0.29803538266384366
CPM1_both_at_least3_samples	9690	pearson_gene_centered_log2_CPM_plus1	B_BC_CAR_T	E_B7H3_CAR_T	0.39271292437294536
CPM1_both_at_least3_samples	9690	pearson_gene_centered_log2_CPM_plus1	B_BC_CAR_T	E_BC_CAR_T	0.08660263426431199
CPM1_both_at_least3_samples	9690	pearson_gene_centered_log2_CPM_plus1	B_BC_CAR_T	E_T_cell	0.19283603003546632
CPM1_both_at_least3_samples	9690	pearson_gene_centered_log2_CPM_plus1	B_BC_CAR_T	M_B7H3_CAR_T	-0.507070511037215
CPM1_both_at_least3_samples	9690	pearson_gene_centered_log2_CPM_plus1	B_BC_CAR_T	M_BC_CAR_T	-0.6242360591711108
CPM1_both_at_least3_samples	9690	pearson_gene_centered_log2_CPM_plus1	B_BC_CAR_T	M_T_cell	-0.39206689955013874
CPM1_both_at_least3_samples	9690	pearson_gene_centered_log2_CPM_plus1	B_T_cell	B_B7H3_CAR_T	-0.24530502421398542
CPM1_both_at_least3_samples	9690	pearson_gene_centered_log2_CPM_plus1	B_T_cell	B_BC_CAR_T	0.2956868315024597
CPM1_both_at_least3_samples	9690	pearson_gene_centered_log2_CPM_plus1	B_T_cell	B_T_cell	0.9412976492495114
CPM1_both_at_least3_samples	9690	pearson_gene_centered_log2_CPM_plus1	B_T_cell	E_B7H3_CAR_T	0.12352305199279152
CPM1_both_at_least3_samples	9690	pearson_gene_centered_log2_CPM_plus1	B_T_cell	E_BC_CAR_T	-0.45707270521413634
CPM1_both_at_least3_samples	9690	pearson_gene_centered_log2_CPM_plus1	B_T_cell	E_T_cell	0.5230314961087782
CPM1_both_at_least3_samples	9690	pearson_gene_centered_log2_CPM_plus1	B_T_cell	M_B7H3_CAR_T	-0.334295154220656
CPM1_both_at_least3_samples	9690	pearson_gene_centered_log2_CPM_plus1	B_T_cell	M_BC_CAR_T	-0.5680491107231735
CPM1_both_at_least3_samples	9690	pearson_gene_centered_log2_CPM_plus1	B_T_cell	M_T_cell	0.1188716594032677
CPM1_both_at_least3_samples	9690	pearson_gene_centered_log2_CPM_plus1	E_B7H3_CAR_T	B_B7H3_CAR_T	0.025900516233928063
CPM1_both_at_least3_samples	9690	pearson_gene_centered_log2_CPM_plus1	E_B7H3_CAR_T	B_BC_CAR_T	0.38957759348394144
CPM1_both_at_least3_samples	9690	pearson_gene_centered_log2_CPM_plus1	E_B7H3_CAR_T	B_T_cell	0.12967803098497613
CPM1_both_at_least3_samples	9690	pearson_gene_centered_log2_CPM_plus1	E_B7H3_CAR_T	E_B7H3_CAR_T	0.9319402392405076
CPM1_both_at_least3_samples	9690	pearson_gene_centered_log2_CPM_plus1	E_B7H3_CAR_T	E_BC_CAR_T	0.362643895617612
CPM1_both_at_least3_samples	9690	pearson_gene_centered_log2_CPM_plus1	E_B7H3_CAR_T	E_T_cell	0.5795849013567556
CPM1_both_at_least3_samples	9690	pearson_gene_centered_log2_CPM_plus1	E_B7H3_CAR_T	M_B7H3_CAR_T	-0.6458590592060542
CPM1_both_at_least3_samples	9690	pearson_gene_centered_log2_CPM_plus1	E_B7H3_CAR_T	M_BC_CAR_T	-0.6815326949786099
CPM1_both_at_least3_samples	9690	pearson_gene_centered_log2_CPM_plus1	E_B7H3_CAR_T	M_T_cell	-0.44278985238761853
CPM1_both_at_least3_samples	9690	pearson_gene_centered_log2_CPM_plus1	E_BC_CAR_T	B_B7H3_CAR_T	0.5616460882402605
CPM1_both_at_least3_samples	9690	pearson_gene_centered_log2_CPM_plus1	E_BC_CAR_T	B_BC_CAR_T	0.08944678107152186
CPM1_both_at_least3_samples	9690	pearson_gene_centered_log2_CPM_plus1	E_BC_CAR_T	B_T_cell	-0.4459417274860675
CPM1_both_at_least3_samples	9690	pearson_gene_centered_log2_CPM_plus1	E_BC_CAR_T	E_B7H3_CAR_T	0.366411952879185
CPM1_both_at_least3_samples	9690	pearson_gene_centered_log2_CPM_plus1	E_BC_CAR_T	E_BC_CAR_T	0.9539731232476524
CPM1_both_at_least3_samples	9690	pearson_gene_centered_log2_CPM_plus1	E_BC_CAR_T	E_T_cell	-0.12263181818963377
CPM1_both_at_least3_samples	9690	pearson_gene_centered_log2_CPM_plus1	E_BC_CAR_T	M_B7H3_CAR_T	-0.46941952882134796
CPM1_both_at_least3_samples	9690	pearson_gene_centered_log2_CPM_plus1	E_BC_CAR_T	M_BC_CAR_T	-0.059573851968110055
CPM1_both_at_least3_samples	9690	pearson_gene_centered_log2_CPM_plus1	E_BC_CAR_T	M_T_cell	-0.6558088545486074
CPM1_both_at_least3_samples	9690	pearson_gene_centered_log2_CPM_plus1	E_T_cell	B_B7H3_CAR_T	-0.3037152427003095
CPM1_both_at_least3_samples	9690	pearson_gene_centered_log2_CPM_plus1	E_T_cell	B_BC_CAR_T	0.18292999077122538
CPM1_both_at_least3_samples	9690	pearson_gene_centered_log2_CPM_plus1	E_T_cell	B_T_cell	0.523698555839577
CPM1_both_at_least3_samples	9690	pearson_gene_centered_log2_CPM_plus1	E_T_cell	E_B7H3_CAR_T	0.5584877262706468
CPM1_both_at_least3_samples	9690	pearson_gene_centered_log2_CPM_plus1	E_T_cell	E_BC_CAR_T	-0.13373604134100128
CPM1_both_at_least3_samples	9690	pearson_gene_centered_log2_CPM_plus1	E_T_cell	E_T_cell	0.9404132462648228
CPM1_both_at_least3_samples	9690	pearson_gene_centered_log2_CPM_plus1	E_T_cell	M_B7H3_CAR_T	-0.5338623286406724
CPM1_both_at_least3_samples	9690	pearson_gene_centered_log2_CPM_plus1	E_T_cell	M_BC_CAR_T	-0.6310510924028361
CPM1_both_at_least3_samples	9690	pearson_gene_centered_log2_CPM_plus1	E_T_cell	M_T_cell	-0.11492876814469428
CPM1_both_at_least3_samples	9690	pearson_gene_centered_log2_CPM_plus1	M_B7H3_CAR_T	B_B7H3_CAR_T	-0.431964070444834
CPM1_both_at_least3_samples	9690	pearson_gene_centered_log2_CPM_plus1	M_B7H3_CAR_T	B_BC_CAR_T	-0.49407991745089763
CPM1_both_at_least3_samples	9690	pearson_gene_centered_log2_CPM_plus1	M_B7H3_CAR_T	B_T_cell	-0.3323955685353212
CPM1_both_at_least3_samples	9690	pearson_gene_centered_log2_CPM_plus1	M_B7H3_CAR_T	E_B7H3_CAR_T	-0.6235951207670655
CPM1_both_at_least3_samples	9690	pearson_gene_centered_log2_CPM_plus1	M_B7H3_CAR_T	E_BC_CAR_T	-0.45736247834509036
CPM1_both_at_least3_samples	9690	pearson_gene_centered_log2_CPM_plus1	M_B7H3_CAR_T	E_T_cell	-0.5319635079941784
CPM1_both_at_least3_samples	9690	pearson_gene_centered_log2_CPM_plus1	M_B7H3_CAR_T	M_B7H3_CAR_T	0.9665381837184273
CPM1_both_at_least3_samples	9690	pearson_gene_centered_log2_CPM_plus1	M_B7H3_CAR_T	M_BC_CAR_T	0.6718549556726041
CPM1_both_at_least3_samples	9690	pearson_gene_centered_log2_CPM_plus1	M_B7H3_CAR_T	M_T_cell	0.543689621596826
CPM1_both_at_least3_samples	9690	pearson_gene_centered_log2_CPM_plus1	M_BC_CAR_T	B_B7H3_CAR_T	-0.06805962453708299
CPM1_both_at_least3_samples	9690	pearson_gene_centered_log2_CPM_plus1	M_BC_CAR_T	B_BC_CAR_T	-0.6081400430677435
CPM1_both_at_least3_samples	9690	pearson_gene_centered_log2_CPM_plus1	M_BC_CAR_T	B_T_cell	-0.5538731192999231
CPM1_both_at_least3_samples	9690	pearson_gene_centered_log2_CPM_plus1	M_BC_CAR_T	E_B7H3_CAR_T	-0.6619834503601885
CPM1_both_at_least3_samples	9690	pearson_gene_centered_log2_CPM_plus1	M_BC_CAR_T	E_BC_CAR_T	-0.05321721191482311
CPM1_both_at_least3_samples	9690	pearson_gene_centered_log2_CPM_plus1	M_BC_CAR_T	E_T_cell	-0.6289595878565221
CPM1_both_at_least3_samples	9690	pearson_gene_centered_log2_CPM_plus1	M_BC_CAR_T	M_B7H3_CAR_T	0.676322512437942
CPM1_both_at_least3_samples	9690	pearson_gene_centered_log2_CPM_plus1	M_BC_CAR_T	M_BC_CAR_T	0.9697723873359881
CPM1_both_at_least3_samples	9690	pearson_gene_centered_log2_CPM_plus1	M_BC_CAR_T	M_T_cell	0.16137694054132354
CPM1_both_at_least3_samples	9690	pearson_gene_centered_log2_CPM_plus1	M_T_cell	B_B7H3_CAR_T	-0.5274274986857957
CPM1_both_at_least3_samples	9690	pearson_gene_centered_log2_CPM_plus1	M_T_cell	B_BC_CAR_T	-0.3863766817434605
CPM1_both_at_least3_samples	9690	pearson_gene_centered_log2_CPM_plus1	M_T_cell	B_T_cell	0.11424902763136438
CPM1_both_at_least3_samples	9690	pearson_gene_centered_log2_CPM_plus1	M_T_cell	E_B7H3_CAR_T	-0.443188405355712
CPM1_both_at_least3_samples	9690	pearson_gene_centered_log2_CPM_plus1	M_T_cell	E_BC_CAR_T	-0.6572786254911949
CPM1_both_at_least3_samples	9690	pearson_gene_centered_log2_CPM_plus1	M_T_cell	E_T_cell	-0.12737635440524797
CPM1_both_at_least3_samples	9690	pearson_gene_centered_log2_CPM_plus1	M_T_cell	M_B7H3_CAR_T	0.552972604271492
CPM1_both_at_least3_samples	9690	pearson_gene_centered_log2_CPM_plus1	M_T_cell	M_BC_CAR_T	0.16332550057286685
CPM1_both_at_least3_samples	9690	pearson_gene_centered_log2_CPM_plus1	M_T_cell	M_T_cell	0.9533042380887834
CPM5_both_at_least3_samples	8357	spearman_abundance	B_B7H3_CAR_T	B_B7H3_CAR_T	0.9103398645089322
CPM5_both_at_least3_samples	8357	spearman_abundance	B_B7H3_CAR_T	B_BC_CAR_T	0.8774573612818893
CPM5_both_at_least3_samples	8357	spearman_abundance	B_B7H3_CAR_T	B_T_cell	0.8541695532719126
CPM5_both_at_least3_samples	8357	spearman_abundance	B_B7H3_CAR_T	E_B7H3_CAR_T	0.8674916991069728
CPM5_both_at_least3_samples	8357	spearman_abundance	B_B7H3_CAR_T	E_BC_CAR_T	0.891510699597419
CPM5_both_at_least3_samples	8357	spearman_abundance	B_B7H3_CAR_T	E_T_cell	0.8407600552619829
CPM5_both_at_least3_samples	8357	spearman_abundance	B_B7H3_CAR_T	M_B7H3_CAR_T	0.8151623028685545
CPM5_both_at_least3_samples	8357	spearman_abundance	B_B7H3_CAR_T	M_BC_CAR_T	0.8255067423698074
CPM5_both_at_least3_samples	8357	spearman_abundance	B_B7H3_CAR_T	M_T_cell	0.8299212595039139
CPM5_both_at_least3_samples	8357	spearman_abundance	B_BC_CAR_T	B_B7H3_CAR_T	0.8593082748594998
CPM5_both_at_least3_samples	8357	spearman_abundance	B_BC_CAR_T	B_BC_CAR_T	0.8956604109349031
CPM5_both_at_least3_samples	8357	spearman_abundance	B_BC_CAR_T	B_T_cell	0.8760426037425872
CPM5_both_at_least3_samples	8357	spearman_abundance	B_BC_CAR_T	E_B7H3_CAR_T	0.8773881221352644
CPM5_both_at_least3_samples	8357	spearman_abundance	B_BC_CAR_T	E_BC_CAR_T	0.8544704830327595
CPM5_both_at_least3_samples	8357	spearman_abundance	B_BC_CAR_T	E_T_cell	0.8640375944932068
CPM5_both_at_least3_samples	8357	spearman_abundance	B_BC_CAR_T	M_B7H3_CAR_T	0.8056739834707851
CPM5_both_at_least3_samples	8357	spearman_abundance	B_BC_CAR_T	M_BC_CAR_T	0.7716802798390782
CPM5_both_at_least3_samples	8357	spearman_abundance	B_BC_CAR_T	M_T_cell	0.8375685933313499
CPM5_both_at_least3_samples	8357	spearman_abundance	B_T_cell	B_B7H3_CAR_T	0.8309135866106846
CPM5_both_at_least3_samples	8357	spearman_abundance	B_T_cell	B_BC_CAR_T	0.8702898716066677
CPM5_both_at_least3_samples	8357	spearman_abundance	B_T_cell	B_T_cell	0.8900696296899069
CPM5_both_at_least3_samples	8357	spearman_abundance	B_T_cell	E_B7H3_CAR_T	0.8638293353357662
CPM5_both_at_least3_samples	8357	spearman_abundance	B_T_cell	E_BC_CAR_T	0.826358182211957
CPM5_both_at_least3_samples	8357	spearman_abundance	B_T_cell	E_T_cell	0.8699674086793747
CPM5_both_at_least3_samples	8357	spearman_abundance	B_T_cell	M_B7H3_CAR_T	0.7969443797260446
CPM5_both_at_least3_samples	8357	spearman_abundance	B_T_cell	M_BC_CAR_T	0.7552464760914223
CPM5_both_at_least3_samples	8357	spearman_abundance	B_T_cell	M_T_cell	0.8431715185001677
CPM5_both_at_least3_samples	8357	spearman_abundance	E_B7H3_CAR_T	B_B7H3_CAR_T	0.8493485132583412
CPM5_both_at_least3_samples	8357	spearman_abundance	E_B7H3_CAR_T	B_BC_CAR_T	0.8772127133064325
CPM5_both_at_least3_samples	8357	spearman_abundance	E_B7H3_CAR_T	B_T_cell	0.8698265315482343
CPM5_both_at_least3_samples	8357	spearman_abundance	E_B7H3_CAR_T	E_B7H3_CAR_T	0.8930545109146718
CPM5_both_at_least3_samples	8357	spearman_abundance	E_B7H3_CAR_T	E_BC_CAR_T	0.8632798533643425
CPM5_both_at_least3_samples	8357	spearman_abundance	E_B7H3_CAR_T	E_T_cell	0.8798109810102063
CPM5_both_at_least3_samples	8357	spearman_abundance	E_B7H3_CAR_T	M_B7H3_CAR_T	0.8008272600634906
CPM5_both_at_least3_samples	8357	spearman_abundance	E_B7H3_CAR_T	M_BC_CAR_T	0.7713968554966756
CPM5_both_at_least3_samples	8357	spearman_abundance	E_B7H3_CAR_T	M_T_cell	0.837358324950018
CPM5_both_at_least3_samples	8357	spearman_abundance	E_BC_CAR_T	B_B7H3_CAR_T	0.8889534324403957
CPM5_both_at_least3_samples	8357	spearman_abundance	E_BC_CAR_T	B_BC_CAR_T	0.8709016149270479
CPM5_both_at_least3_samples	8357	spearman_abundance	E_BC_CAR_T	B_T_cell	0.8484734913356439
CPM5_both_at_least3_samples	8357	spearman_abundance	E_BC_CAR_T	E_B7H3_CAR_T	0.879878759317221
CPM5_both_at_least3_samples	8357	spearman_abundance	E_BC_CAR_T	E_BC_CAR_T	0.9032717068035913
CPM5_both_at_least3_samples	8357	spearman_abundance	E_BC_CAR_T	E_T_cell	0.8510590144833958
CPM5_both_at_least3_samples	8357	spearman_abundance	E_BC_CAR_T	M_B7H3_CAR_T	0.8173240780937552
CPM5_both_at_least3_samples	8357	spearman_abundance	E_BC_CAR_T	M_BC_CAR_T	0.8261515927183971
CPM5_both_at_least3_samples	8357	spearman_abundance	E_BC_CAR_T	M_T_cell	0.8298721201916675
CPM5_both_at_least3_samples	8357	spearman_abundance	E_T_cell	B_B7H3_CAR_T	0.816631206122853
CPM5_both_at_least3_samples	8357	spearman_abundance	E_T_cell	B_BC_CAR_T	0.8570107540372255
CPM5_both_at_least3_samples	8357	spearman_abundance	E_T_cell	B_T_cell	0.8682939241997277
CPM5_both_at_least3_samples	8357	spearman_abundance	E_T_cell	E_B7H3_CAR_T	0.8724383879909513
CPM5_both_at_least3_samples	8357	spearman_abundance	E_T_cell	E_BC_CAR_T	0.8284656352005804
CPM5_both_at_least3_samples	8357	spearman_abundance	E_T_cell	E_T_cell	0.8874837885382554
CPM5_both_at_least3_samples	8357	spearman_abundance	E_T_cell	M_B7H3_CAR_T	0.7762823886743246
CPM5_both_at_least3_samples	8357	spearman_abundance	E_T_cell	M_BC_CAR_T	0.7418698746740447
CPM5_both_at_least3_samples	8357	spearman_abundance	E_T_cell	M_T_cell	0.8261485569927564
CPM5_both_at_least3_samples	8357	spearman_abundance	M_B7H3_CAR_T	B_B7H3_CAR_T	0.8124059761427251
CPM5_both_at_least3_samples	8357	spearman_abundance	M_B7H3_CAR_T	B_BC_CAR_T	0.8222236270002697
CPM5_both_at_least3_samples	8357	spearman_abundance	M_B7H3_CAR_T	B_T_cell	0.8189652343891469
CPM5_both_at_least3_samples	8357	spearman_abundance	M_B7H3_CAR_T	E_B7H3_CAR_T	0.8175660075635509
CPM5_both_at_least3_samples	8357	spearman_abundance	M_B7H3_CAR_T	E_BC_CAR_T	0.8172971088214337
CPM5_both_at_least3_samples	8357	spearman_abundance	M_B7H3_CAR_T	E_T_cell	0.7997026153027106
CPM5_both_at_least3_samples	8357	spearman_abundance	M_B7H3_CAR_T	M_B7H3_CAR_T	0.8892452112960418
CPM5_both_at_least3_samples	8357	spearman_abundance	M_B7H3_CAR_T	M_BC_CAR_T	0.8499037350430697
CPM5_both_at_least3_samples	8357	spearman_abundance	M_B7H3_CAR_T	M_T_cell	0.8632384660515168
CPM5_both_at_least3_samples	8357	spearman_abundance	M_BC_CAR_T	B_B7H3_CAR_T	0.8326589147434381
CPM5_both_at_least3_samples	8357	spearman_abundance	M_BC_CAR_T	B_BC_CAR_T	0.7983116709215983
CPM5_both_at_least3_samples	8357	spearman_abundance	M_BC_CAR_T	B_T_cell	0.7864737387803842
CPM5_both_at_least3_samples	8357	spearman_abundance	M_BC_CAR_T	E_B7H3_CAR_T	0.7978101398874566
CPM5_both_at_least3_samples	8357	spearman_abundance	M_BC_CAR_T	E_BC_CAR_T	0.8368591922316082
CPM5_both_at_least3_samples	8357	spearman_abundance	M_BC_CAR_T	E_T_cell	0.7741105485549745
CPM5_both_at_least3_samples	8357	spearman_abundance	M_BC_CAR_T	M_B7H3_CAR_T	0.8617588424821658
CPM5_both_at_least3_samples	8357	spearman_abundance	M_BC_CAR_T	M_BC_CAR_T	0.8924430026681817
CPM5_both_at_least3_samples	8357	spearman_abundance	M_BC_CAR_T	M_T_cell	0.8231185040481012
CPM5_both_at_least3_samples	8357	spearman_abundance	M_T_cell	B_B7H3_CAR_T	0.8167616306454556
CPM5_both_at_least3_samples	8357	spearman_abundance	M_T_cell	B_BC_CAR_T	0.8427075790485247
CPM5_both_at_least3_samples	8357	spearman_abundance	M_T_cell	B_T_cell	0.8541519133169972
CPM5_both_at_least3_samples	8357	spearman_abundance	M_T_cell	E_B7H3_CAR_T	0.8417775463604268
CPM5_both_at_least3_samples	8357	spearman_abundance	M_T_cell	E_BC_CAR_T	0.8176593391504634
CPM5_both_at_least3_samples	8357	spearman_abundance	M_T_cell	E_T_cell	0.8378612629146944
CPM5_both_at_least3_samples	8357	spearman_abundance	M_T_cell	M_B7H3_CAR_T	0.8506213238325111
CPM5_both_at_least3_samples	8357	spearman_abundance	M_T_cell	M_BC_CAR_T	0.8000671402822513
CPM5_both_at_least3_samples	8357	spearman_abundance	M_T_cell	M_T_cell	0.8877622493680161
CPM5_both_at_least3_samples	8357	pearson_gene_centered_log2_CPM_plus1	B_B7H3_CAR_T	B_B7H3_CAR_T	0.9370487737403949
CPM5_both_at_least3_samples	8357	pearson_gene_centered_log2_CPM_plus1	B_B7H3_CAR_T	B_BC_CAR_T	0.24240202334888664
CPM5_both_at_least3_samples	8357	pearson_gene_centered_log2_CPM_plus1	B_B7H3_CAR_T	B_T_cell	-0.28071191948346
CPM5_both_at_least3_samples	8357	pearson_gene_centered_log2_CPM_plus1	B_B7H3_CAR_T	E_B7H3_CAR_T	0.028915201724904832
CPM5_both_at_least3_samples	8357	pearson_gene_centered_log2_CPM_plus1	B_B7H3_CAR_T	E_BC_CAR_T	0.6083536215775108
CPM5_both_at_least3_samples	8357	pearson_gene_centered_log2_CPM_plus1	B_B7H3_CAR_T	E_T_cell	-0.30222803068407844
CPM5_both_at_least3_samples	8357	pearson_gene_centered_log2_CPM_plus1	B_B7H3_CAR_T	M_B7H3_CAR_T	-0.46220292243041194
CPM5_both_at_least3_samples	8357	pearson_gene_centered_log2_CPM_plus1	B_B7H3_CAR_T	M_BC_CAR_T	-0.05090483080708279
CPM5_both_at_least3_samples	8357	pearson_gene_centered_log2_CPM_plus1	B_B7H3_CAR_T	M_T_cell	-0.5870662054158524
CPM5_both_at_least3_samples	8357	pearson_gene_centered_log2_CPM_plus1	B_BC_CAR_T	B_B7H3_CAR_T	0.237838314411503
CPM5_both_at_least3_samples	8357	pearson_gene_centered_log2_CPM_plus1	B_BC_CAR_T	B_BC_CAR_T	0.9528162216219479
CPM5_both_at_least3_samples	8357	pearson_gene_centered_log2_CPM_plus1	B_BC_CAR_T	B_T_cell	0.3330365481188919
CPM5_both_at_least3_samples	8357	pearson_gene_centered_log2_CPM_plus1	B_BC_CAR_T	E_B7H3_CAR_T	0.425113406831306
CPM5_both_at_least3_samples	8357	pearson_gene_centered_log2_CPM_plus1	B_BC_CAR_T	E_BC_CAR_T	0.06964890898690312
CPM5_both_at_least3_samples	8357	pearson_gene_centered_log2_CPM_plus1	B_BC_CAR_T	E_T_cell	0.2265407199269264
CPM5_both_at_least3_samples	8357	pearson_gene_centered_log2_CPM_plus1	B_BC_CAR_T	M_B7H3_CAR_T	-0.5281167843073591
CPM5_both_at_least3_samples	8357	pearson_gene_centered_log2_CPM_plus1	B_BC_CAR_T	M_BC_CAR_T	-0.6641343079894538
CPM5_both_at_least3_samples	8357	pearson_gene_centered_log2_CPM_plus1	B_BC_CAR_T	M_T_cell	-0.3776113196905094
CPM5_both_at_least3_samples	8357	pearson_gene_centered_log2_CPM_plus1	B_T_cell	B_B7H3_CAR_T	-0.27479477199575647
CPM5_both_at_least3_samples	8357	pearson_gene_centered_log2_CPM_plus1	B_T_cell	B_BC_CAR_T	0.32358679226120923
CPM5_both_at_least3_samples	8357	pearson_gene_centered_log2_CPM_plus1	B_T_cell	B_T_cell	0.9602393361777821
CPM5_both_at_least3_samples	8357	pearson_gene_centered_log2_CPM_plus1	B_T_cell	E_B7H3_CAR_T	0.13694294294852685
CPM5_both_at_least3_samples	8357	pearson_gene_centered_log2_CPM_plus1	B_T_cell	E_BC_CAR_T	-0.49423499877731997
CPM5_both_at_least3_samples	8357	pearson_gene_centered_log2_CPM_plus1	B_T_cell	E_T_cell	0.542293027309042
CPM5_both_at_least3_samples	8357	pearson_gene_centered_log2_CPM_plus1	B_T_cell	M_B7H3_CAR_T	-0.31237521984221944
CPM5_both_at_least3_samples	8357	pearson_gene_centered_log2_CPM_plus1	B_T_cell	M_BC_CAR_T	-0.5821937222876722
CPM5_both_at_least3_samples	8357	pearson_gene_centered_log2_CPM_plus1	B_T_cell	M_T_cell	0.15931086985664267
CPM5_both_at_least3_samples	8357	pearson_gene_centered_log2_CPM_plus1	E_B7H3_CAR_T	B_B7H3_CAR_T	0.021693903945171032
CPM5_both_at_least3_samples	8357	pearson_gene_centered_log2_CPM_plus1	E_B7H3_CAR_T	B_BC_CAR_T	0.4191144208017531
CPM5_both_at_least3_samples	8357	pearson_gene_centered_log2_CPM_plus1	E_B7H3_CAR_T	B_T_cell	0.1506463256516055
CPM5_both_at_least3_samples	8357	pearson_gene_centered_log2_CPM_plus1	E_B7H3_CAR_T	E_B7H3_CAR_T	0.9527316077950541
CPM5_both_at_least3_samples	8357	pearson_gene_centered_log2_CPM_plus1	E_B7H3_CAR_T	E_BC_CAR_T	0.35205383224485415
CPM5_both_at_least3_samples	8357	pearson_gene_centered_log2_CPM_plus1	E_B7H3_CAR_T	E_T_cell	0.611968955397302
CPM5_both_at_least3_samples	8357	pearson_gene_centered_log2_CPM_plus1	E_B7H3_CAR_T	M_B7H3_CAR_T	-0.6719014171589431
CPM5_both_at_least3_samples	8357	pearson_gene_centered_log2_CPM_plus1	E_B7H3_CAR_T	M_BC_CAR_T	-0.7115869687988694
CPM5_both_at_least3_samples	8357	pearson_gene_centered_log2_CPM_plus1	E_B7H3_CAR_T	M_T_cell	-0.42519819114315927
CPM5_both_at_least3_samples	8357	pearson_gene_centered_log2_CPM_plus1	E_BC_CAR_T	B_B7H3_CAR_T	0.5989091084260776
CPM5_both_at_least3_samples	8357	pearson_gene_centered_log2_CPM_plus1	E_BC_CAR_T	B_BC_CAR_T	0.07379871911270115
CPM5_both_at_least3_samples	8357	pearson_gene_centered_log2_CPM_plus1	E_BC_CAR_T	B_T_cell	-0.4863753421778138
CPM5_both_at_least3_samples	8357	pearson_gene_centered_log2_CPM_plus1	E_BC_CAR_T	E_B7H3_CAR_T	0.3587366206081038
CPM5_both_at_least3_samples	8357	pearson_gene_centered_log2_CPM_plus1	E_BC_CAR_T	E_BC_CAR_T	0.9672741232814683
CPM5_both_at_least3_samples	8357	pearson_gene_centered_log2_CPM_plus1	E_BC_CAR_T	E_T_cell	-0.14145345791155886
CPM5_both_at_least3_samples	8357	pearson_gene_centered_log2_CPM_plus1	E_BC_CAR_T	M_B7H3_CAR_T	-0.48422855958587036
CPM5_both_at_least3_samples	8357	pearson_gene_centered_log2_CPM_plus1	E_BC_CAR_T	M_BC_CAR_T	-0.04552144215178332
CPM5_both_at_least3_samples	8357	pearson_gene_centered_log2_CPM_plus1	E_BC_CAR_T	M_T_cell	-0.6763599569322337
CPM5_both_at_least3_samples	8357	pearson_gene_centered_log2_CPM_plus1	E_T_cell	B_B7H3_CAR_T	-0.3079786263130787
CPM5_both_at_least3_samples	8357	pearson_gene_centered_log2_CPM_plus1	E_T_cell	B_BC_CAR_T	0.21336401209893371
CPM5_both_at_least3_samples	8357	pearson_gene_centered_log2_CPM_plus1	E_T_cell	B_T_cell	0.5490154149804655
CPM5_both_at_least3_samples	8357	pearson_gene_centered_log2_CPM_plus1	E_T_cell	E_B7H3_CAR_T	0.5888130738000192
CPM5_both_at_least3_samples	8357	pearson_gene_centered_log2_CPM_plus1	E_T_cell	E_BC_CAR_T	-0.15246146036614522
CPM5_both_at_least3_samples	8357	pearson_gene_centered_log2_CPM_plus1	E_T_cell	E_T_cell	0.957512281812912
CPM5_both_at_least3_samples	8357	pearson_gene_centered_log2_CPM_plus1	E_T_cell	M_B7H3_CAR_T	-0.540742045988175
CPM5_both_at_least3_samples	8357	pearson_gene_centered_log2_CPM_plus1	E_T_cell	M_BC_CAR_T	-0.6499798330672542
CPM5_both_at_least3_samples	8357	pearson_gene_centered_log2_CPM_plus1	E_T_cell	M_T_cell	-0.1038133880533068
CPM5_both_at_least3_samples	8357	pearson_gene_centered_log2_CPM_plus1	M_B7H3_CAR_T	B_B7H3_CAR_T	-0.45028554746727734
CPM5_both_at_least3_samples	8357	pearson_gene_centered_log2_CPM_plus1	M_B7H3_CAR_T	B_BC_CAR_T	-0.5146962869110854
CPM5_both_at_least3_samples	8357	pearson_gene_centered_log2_CPM_plus1	M_B7H3_CAR_T	B_T_cell	-0.3158594202687447
CPM5_both_at_least3_samples	8357	pearson_gene_centered_log2_CPM_plus1	M_B7H3_CAR_T	E_B7H3_CAR_T	-0.6512644182631044
CPM5_both_at_least3_samples	8357	pearson_gene_centered_log2_CPM_plus1	M_B7H3_CAR_T	E_BC_CAR_T	-0.47167235439865607
CPM5_both_at_least3_samples	8357	pearson_gene_centered_log2_CPM_plus1	M_B7H3_CAR_T	E_T_cell	-0.5397708738416915
CPM5_both_at_least3_samples	8357	pearson_gene_centered_log2_CPM_plus1	M_B7H3_CAR_T	M_B7H3_CAR_T	0.9773001317756874
CPM5_both_at_least3_samples	8357	pearson_gene_centered_log2_CPM_plus1	M_B7H3_CAR_T	M_BC_CAR_T	0.6819063294418964
CPM5_both_at_least3_samples	8357	pearson_gene_centered_log2_CPM_plus1	M_B7H3_CAR_T	M_T_cell	0.571831309798883
CPM5_both_at_least3_samples	8357	pearson_gene_centered_log2_CPM_plus1	M_BC_CAR_T	B_B7H3_CAR_T	-0.0570723284999134
CPM5_both_at_least3_samples	8357	pearson_gene_centered_log2_CPM_plus1	M_BC_CAR_T	B_BC_CAR_T	-0.647040154542502
CPM5_both_at_least3_samples	8357	pearson_gene_centered_log2_CPM_plus1	M_BC_CAR_T	B_T_cell	-0.5772533172945139
CPM5_both_at_least3_samples	8357	pearson_gene_centered_log2_CPM_plus1	M_BC_CAR_T	E_B7H3_CAR_T	-0.6890232442269641
CPM5_both_at_least3_samples	8357	pearson_gene_centered_log2_CPM_plus1	M_BC_CAR_T	E_BC_CAR_T	-0.039973349761888016
CPM5_both_at_least3_samples	8357	pearson_gene_centered_log2_CPM_plus1	M_BC_CAR_T	E_T_cell	-0.6473653259505115
CPM5_both_at_least3_samples	8357	pearson_gene_centered_log2_CPM_plus1	M_BC_CAR_T	M_B7H3_CAR_T	0.6868120815981665
CPM5_both_at_least3_samples	8357	pearson_gene_centered_log2_CPM_plus1	M_BC_CAR_T	M_BC_CAR_T	0.9800963019851284
CPM5_both_at_least3_samples	8357	pearson_gene_centered_log2_CPM_plus1	M_BC_CAR_T	M_T_cell	0.15309994328749096
CPM5_both_at_least3_samples	8357	pearson_gene_centered_log2_CPM_plus1	M_T_cell	B_B7H3_CAR_T	-0.5750632728263443
CPM5_both_at_least3_samples	8357	pearson_gene_centered_log2_CPM_plus1	M_T_cell	B_BC_CAR_T	-0.3711292968827386
CPM5_both_at_least3_samples	8357	pearson_gene_centered_log2_CPM_plus1	M_T_cell	B_T_cell	0.1528824141293365
CPM5_both_at_least3_samples	8357	pearson_gene_centered_log2_CPM_plus1	M_T_cell	E_B7H3_CAR_T	-0.42739700752980075
CPM5_both_at_least3_samples	8357	pearson_gene_centered_log2_CPM_plus1	M_T_cell	E_BC_CAR_T	-0.6789795134946115
CPM5_both_at_least3_samples	8357	pearson_gene_centered_log2_CPM_plus1	M_T_cell	E_T_cell	-0.11429948873889395
CPM5_both_at_least3_samples	8357	pearson_gene_centered_log2_CPM_plus1	M_T_cell	M_B7H3_CAR_T	0.5813165462859768
CPM5_both_at_least3_samples	8357	pearson_gene_centered_log2_CPM_plus1	M_T_cell	M_BC_CAR_T	0.1550245096408166
CPM5_both_at_least3_samples	8357	pearson_gene_centered_log2_CPM_plus1	M_T_cell	M_T_cell	0.9649744355005606
